INSERT INTO Genero (generoId,nome,localizacao) VALUES (1,'Artes,Marciais','3B');
INSERT INTO Genero (generoId,nome,localizacao) VALUES (2,'SciFi','9A');
INSERT INTO Genero (generoId,nome,localizacao) VALUES (3,'Comédia','11A');
INSERT INTO Genero (generoId,nome,localizacao) VALUES (4,'Artes,Marciais','8B');
INSERT INTO Genero (generoId,nome,localizacao) VALUES (5,'Kodomo','7B');
INSERT INTO Genero (generoId,nome,localizacao) VALUES (6,'Mecha','0A');
INSERT INTO Genero (generoId,nome,localizacao) VALUES (7,'Guerra','2A');
INSERT INTO Genero (generoId,nome,localizacao) VALUES (8,'Sobrenatural','9A');
INSERT INTO Genero (generoId,nome,localizacao) VALUES (9,'Esportes','3A');
INSERT INTO Genero (generoId,nome,localizacao) VALUES (10,'Drama','1A');
INSERT INTO TipoMidia (tipoMidiaId,nome) VALUES (1,'Volume');
INSERT INTO TipoMidia (tipoMidiaId,nome) VALUES (2,'Revista');
INSERT INTO TipoMidia (tipoMidiaId,nome) VALUES (4,'Livro');
INSERT INTO Midia (MidiaId,fkGeneroId,fkTipoMidiaId,dataPublicacao,editora,nome,idioma,localPublicacao,precoMidia) VALUES (1,3,4,'1980-5-26','Springer,Nature','Utopia','Espanhol','Bangladesh',85.82);
INSERT INTO Midia (MidiaId,fkGeneroId,fkTipoMidiaId,dataPublicacao,editora,nome,idioma,localPublicacao,precoMidia) VALUES (2,2,1,'1949-10-29','Wiley','Para,Quem,o,Sino,Toca','Bengali','África,do,Sul',74.65);
INSERT INTO Midia (MidiaId,fkGeneroId,fkTipoMidiaId,dataPublicacao,editora,nome,idioma,localPublicacao,precoMidia) VALUES (3,7,4,'1931-12-10','Woongjin,ThinkBig','Rebelião','Inglês','Coreia,do,Norte',72.41);
INSERT INTO Midia (MidiaId,fkGeneroId,fkTipoMidiaId,dataPublicacao,editora,nome,idioma,localPublicacao,precoMidia) VALUES (4,3,1,'1945-4-8','Sanoma','A,Aventura,da,Vivi','Inglês','Irã',78.77);
INSERT INTO Midia (MidiaId,fkGeneroId,fkTipoMidiaId,dataPublicacao,editora,nome,idioma,localPublicacao,precoMidia) VALUES (5,10,1,'2016-12-23','Westermann,Verlagsgruppe','A,Aventura,da,Vivi','Árabe','Coreia,do,Sul',64.71);
INSERT INTO Midia (MidiaId,fkGeneroId,fkTipoMidiaId,dataPublicacao,editora,nome,idioma,localPublicacao,precoMidia) VALUES (6,10,2,'1976-1-24','Shueisha','Utopia','Espanhol','Itália',22.0);
INSERT INTO Midia (MidiaId,fkGeneroId,fkTipoMidiaId,dataPublicacao,editora,nome,idioma,localPublicacao,precoMidia) VALUES (7,9,4,'1951-8-6','Gakken,Co.,Ltd.',',Vamos,LEVANTAR!','Bengali','Estados,Unidos',23.4);
INSERT INTO Midia (MidiaId,fkGeneroId,fkTipoMidiaId,dataPublicacao,editora,nome,idioma,localPublicacao,precoMidia) VALUES (8,5,1,'1995-9-28','Springer,Nature','Certo','Bengali','Colômbia',53.92);
INSERT INTO Midia (MidiaId,fkGeneroId,fkTipoMidiaId,dataPublicacao,editora,nome,idioma,localPublicacao,precoMidia) VALUES (9,6,4,'1982-3-30',',Ltd.','Para,Quem,o,Sino,Toca','Russo','Quênia',49.92);
INSERT INTO Midia (MidiaId,fkGeneroId,fkTipoMidiaId,dataPublicacao,editora,nome,idioma,localPublicacao,precoMidia) VALUES (10,7,1,'1935-7-24','Les,Editions,Lefebvre-Sarrut','Juramento','Hindi','Reino,Unido',23.14);
INSERT INTO Midia (MidiaId,fkGeneroId,fkTipoMidiaId,dataPublicacao,editora,nome,idioma,localPublicacao,precoMidia) VALUES (11,9,2,'1945-4-27','EKSMO-AST','Para,Quem,o,Sino,Toca','Bengali','Tailândia',40.09);
INSERT INTO Midia (MidiaId,fkGeneroId,fkTipoMidiaId,dataPublicacao,editora,nome,idioma,localPublicacao,precoMidia) VALUES (12,3,4,'1941-8-24','Groupe,Madrigall','Coisas,Que,Não,se,Pode,Mentir','Espanhol','Argélia',51.05);
INSERT INTO Midia (MidiaId,fkGeneroId,fkTipoMidiaId,dataPublicacao,editora,nome,idioma,localPublicacao,precoMidia) VALUES (13,7,4,'1929-11-28','Bertelsmann','Determinação,Herdada','Bengali','Vietnã',47.43);
INSERT INTO Midia (MidiaId,fkGeneroId,fkTipoMidiaId,dataPublicacao,editora,nome,idioma,localPublicacao,precoMidia) VALUES (14,8,1,'1981-7-5','Woongjin,ThinkBig','Seguir,em,Frente!!!','Árabe','Itália',86.09);
INSERT INTO Midia (MidiaId,fkGeneroId,fkTipoMidiaId,dataPublicacao,editora,nome,idioma,localPublicacao,precoMidia) VALUES (15,2,4,'1934-2-15','Springer,Nature','Velho,de,Merda','Português','Argentina',94.97);
INSERT INTO Midia (MidiaId,fkGeneroId,fkTipoMidiaId,dataPublicacao,editora,nome,idioma,localPublicacao,precoMidia) VALUES (16,4,1,'1932-11-23','Grupo,Planeta','As,Flores,de,Cerejeira,do,Hiruluk','Bengali','Turquia',90.66);
INSERT INTO Midia (MidiaId,fkGeneroId,fkTipoMidiaId,dataPublicacao,editora,nome,idioma,localPublicacao,precoMidia) VALUES (17,8,1,'1988-11-18',',Ltd.','Coisas,Que,Não,se,Pode,Mentir','Inglês','Egito',80.29);
INSERT INTO Midia (MidiaId,fkGeneroId,fkTipoMidiaId,dataPublicacao,editora,nome,idioma,localPublicacao,precoMidia) VALUES (18,5,4,'1978-12-26',',Ltd.','Rebelião','Hindi','Myanmar',22.72);
INSERT INTO Midia (MidiaId,fkGeneroId,fkTipoMidiaId,dataPublicacao,editora,nome,idioma,localPublicacao,precoMidia) VALUES (19,4,4,'1954-2-20','Kodansha,Ltd.','Instinto','Espanhol','Alemanha',70.91);
INSERT INTO Midia (MidiaId,fkGeneroId,fkTipoMidiaId,dataPublicacao,editora,nome,idioma,localPublicacao,precoMidia) VALUES (20,9,1,'1964-3-12','Holtzbrinck','Lágrimas','Chinês','Quênia',25.36);
INSERT INTO Midia (MidiaId,fkGeneroId,fkTipoMidiaId,dataPublicacao,editora,nome,idioma,localPublicacao,precoMidia) VALUES (21,7,2,'1963-4-9','Prosveshcheniye','Contra!!,O,Bando,Pirata,do,Buggy','Hindi','República,Democrática,do,Congo',56.07);
INSERT INTO Midia (MidiaId,fkGeneroId,fkTipoMidiaId,dataPublicacao,editora,nome,idioma,localPublicacao,precoMidia) VALUES (22,9,1,'2003-12-13','Bonnier','A,Aventura,da,Vivi','Árabe','Ucrânia',54.88);
INSERT INTO Midia (MidiaId,fkGeneroId,fkTipoMidiaId,dataPublicacao,editora,nome,idioma,localPublicacao,precoMidia) VALUES (23,4,2,'1982-11-27','Harper,Collins','O,Homem,de,Cem,Milhões','Árabe','Reino,Unido',47.81);
INSERT INTO Midia (MidiaId,fkGeneroId,fkTipoMidiaId,dataPublicacao,editora,nome,idioma,localPublicacao,precoMidia) VALUES (24,6,4,'2014-11-14','La,Martinière,Groupe','Lua,Crescente','Japonês','Argentina',28.68);
INSERT INTO Midia (MidiaId,fkGeneroId,fkTipoMidiaId,dataPublicacao,editora,nome,idioma,localPublicacao,precoMidia) VALUES (25,2,1,'1965-10-1','Cambridge,University,Press','O,Sonho,de,um,Homem','Russo','Etiópia',39.33);
INSERT INTO Midia (MidiaId,fkGeneroId,fkTipoMidiaId,dataPublicacao,editora,nome,idioma,localPublicacao,precoMidia) VALUES (26,3,2,'1931-12-2','Mondadori','Batalha,Decisiva,em,Alubarna','Árabe','Ucrânia',74.35);
INSERT INTO Midia (MidiaId,fkGeneroId,fkTipoMidiaId,dataPublicacao,editora,nome,idioma,localPublicacao,precoMidia) VALUES (27,2,4,'1966-10-22','Shogakukan','Determinação,Herdada','Hindi','Turquia',21.04);
INSERT INTO Midia (MidiaId,fkGeneroId,fkTipoMidiaId,dataPublicacao,editora,nome,idioma,localPublicacao,precoMidia) VALUES (28,3,2,'2016-12-24','Grupo,Santillana','Juramento','Inglês','Tanzânia',34.73);
INSERT INTO Midia (MidiaId,fkGeneroId,fkTipoMidiaId,dataPublicacao,editora,nome,idioma,localPublicacao,precoMidia) VALUES (29,8,4,'2012-6-24','RELX,Group','Romance,Dawn','Japonês','Filipinas',30.97);
INSERT INTO Midia (MidiaId,fkGeneroId,fkTipoMidiaId,dataPublicacao,editora,nome,idioma,localPublicacao,precoMidia) VALUES (30,4,4,'1953-4-27','Kadokawa,Publishing','Certo','Japonês','Turquia',59.8);
INSERT INTO Livro (LivroId,fkMidiaId,sinopse,edicao,paginas) VALUES (1,29,'Great,board,program,moment,suffer,do,experience.,Strong,safe,majority,good,quality,organization.
Table,data,position,mother,environment,place,purpose.,Field,art,fly,continue,hand,race,run,democratic.',44,78);
INSERT INTO Livro (LivroId,fkMidiaId,sinopse,edicao,paginas) VALUES (2,30,'Floor,fund,garden,only,onto,rise.,Bring,weight,instead,player,identify,manage.,Up,democratic,eye,society.',65,74);
INSERT INTO Livro (LivroId,fkMidiaId,sinopse,edicao,paginas) VALUES (3,18,'Station,debate,baby,run.,Serious,exactly,happen,laugh,begin,voice.,Start,game,traditional,strategy.
Hand,PM,small,pattern.,These,management,success,write,matter,just.',24,43);
INSERT INTO Livro (LivroId,fkMidiaId,sinopse,edicao,paginas) VALUES (4,3,'Again,race,expect,them.,Ask,likely,meet,term,if.
Place,wrong,be,time.,Lose,east,senior,may.,Black,maintain,skill,energy.',47,1);
INSERT INTO Livro (LivroId,fkMidiaId,sinopse,edicao,paginas) VALUES (5,19,'Write,grow,keep,change,paper,character,spring.,Blue,continue,how,compare,sister,race,store,when.,Read,line,head,stage,tax,remember,quickly,defense.',86,92);
INSERT INTO Livro (LivroId,fkMidiaId,sinopse,edicao,paginas) VALUES (6,1,'These,worry,need,others,rock,project,Congress.,Young,effect,particularly,or.
White,believe,produce,subject,reduce.,Cup,matter,tree,election.,Radio,political,when,statement.,Week,sport,raise,girl.',15,74);
INSERT INTO Livro (LivroId,fkMidiaId,sinopse,edicao,paginas) VALUES (7,24,'Child,popular,major,media,sit,for,light.
Ok,field,in,throughout,very,material.,Guy,grow,financial,may,instead.,Benefit,possible,person,wife.,Meeting,book,strategy,instead.',82,53);
INSERT INTO Livro (LivroId,fkMidiaId,sinopse,edicao,paginas) VALUES (8,13,'Police,example,pick,believe.,Over,require,too,finally,wrong.,Perhaps,stop,compare,lay.',46,68);
INSERT INTO Livro (LivroId,fkMidiaId,sinopse,edicao,paginas) VALUES (10,15,'Nothing,hand,history,part,place,identify.,Team,care,movement,major,cultural,phone.
Poor,word,view,him,service.,Position,natural,city,night,article.',97,59);
INSERT INTO Livro (LivroId,fkMidiaId,sinopse,edicao,paginas) VALUES (12,7,'Edge,hold,interesting,food,simply,task,meeting.,Black,article,before,federal,car,professor,throw.',36,76);
INSERT INTO Livro (LivroId,fkMidiaId,sinopse,edicao,paginas) VALUES (17,9,'Environmental,degree,room,property,page,list.,Live,yourself,budget,tree,pick,nation,tough.,Last,different,computer,economic.',60,48);
INSERT INTO Livro (LivroId,fkMidiaId,sinopse,edicao,paginas) VALUES (26,27,'Society,because,operation,easy,about,remain.,Into,my,drop,finally.,Area,entire,to,sound,main,voice,only,interview.',58,22);
INSERT INTO Livro (LivroId,fkMidiaId,sinopse,edicao,paginas) VALUES (55,12,'College,under,he,company,bag.,Set,skill,easy,world,expert,democratic,pay,final.,Speech,air,choice,look,senior,impact.
Organization,off,ability.,Watch,major,step,hotel.,Keep,pass,its,important,there.',27,83);
INSERT INTO Manga (MangaId,nome,adaptacaoAnime,finalizado) VALUES (1,'Avatar:,a,lenda,de,korra',False,True);
INSERT INTO Manga (MangaId,nome,adaptacaoAnime,finalizado) VALUES (2,'Mob,Psycho,100',True,True);
INSERT INTO Manga (MangaId,nome,adaptacaoAnime,finalizado) VALUES (3,'Ginga,Eiyuu,Densetsu:,Die,Neue,These,–,Kaikou',False,False);
INSERT INTO Manga (MangaId,nome,adaptacaoAnime,finalizado) VALUES (4,'Tate,no,Yuusha,no,nariagari',True,True);
INSERT INTO Manga (MangaId,nome,adaptacaoAnime,finalizado) VALUES (5,'isekai,quartet',False,False);
INSERT INTO Volume (VolumeId,fkMidiaId,fkMangaId,sinopse,numero,quantidadeCapitulos) VALUES (1,16,1,'Quickly,father,prepare,lawyer,wear.,Maybe,official,travel,point,then.,Young,national,maintain,former,song,us,south.,Notice,happy,way,yes.',39.03,86);
INSERT INTO Volume (VolumeId,fkMidiaId,fkMangaId,sinopse,numero,quantidadeCapitulos) VALUES (2,8,2,'Identify,style,ability,spring,impact,mother.,Participant,hotel,price,back.,Themselves,skill,around,wish,well,spend,machine.',50.09,47);
INSERT INTO Volume (VolumeId,fkMidiaId,fkMangaId,sinopse,numero,quantidadeCapitulos) VALUES (3,25,1,'Family,thing,shoulder,according,American,increase,well,stock.,Woman,assume,short,job.',91.84,53);
INSERT INTO Volume (VolumeId,fkMidiaId,fkMangaId,sinopse,numero,quantidadeCapitulos) VALUES (4,14,4,'Fight,choose,son,Congress,season,debate,well,but.,Tree,so,eat,return,work,cup,get,never.,Join,bar,stay,everybody,focus,news,available.',32.26,45);
INSERT INTO Volume (VolumeId,fkMidiaId,fkMangaId,sinopse,numero,quantidadeCapitulos) VALUES (6,17,2,'World,deep,challenge,environmental,bank,but,perform.,Professional,huge,difference,positive,choose.
Speak,hit,region,employee.',94.83,86);
INSERT INTO Volume (VolumeId,fkMidiaId,fkMangaId,sinopse,numero,quantidadeCapitulos) VALUES (7,2,4,'Have,effect,maybe,defense.,Series,open,month,program.,Of,also,develop,his,particularly,task,spring.
Could,part,stock.,Fight,bank,some.,Check,writer,action,pay,shake.',31.82,12);
INSERT INTO Volume (VolumeId,fkMidiaId,fkMangaId,sinopse,numero,quantidadeCapitulos) VALUES (8,22,4,'Natural,a,these,figure,tell.,Morning,usually,fire,do.,Some,industry,worry,mouth,tonight,prove.,Have,sit,record,operation.',73.05,81);
INSERT INTO Volume (VolumeId,fkMidiaId,fkMangaId,sinopse,numero,quantidadeCapitulos) VALUES (12,20,1,'Eight,leader,across,keep,executive,charge,something.,Color,some,section,anyone,so,live,soldier,south.,Represent,sometimes,long,fill,better,them,base,billion.',66.75,32);
INSERT INTO Volume (VolumeId,fkMidiaId,fkMangaId,sinopse,numero,quantidadeCapitulos) VALUES (20,5,1,'Idea,guess,happy.,Heart,gun,win,response.
Sense,Mr,must,ready,entire,fund.,Believe,myself,maybe,summer,between,investment,gun,community.,Many,add,sure,just.',99.27,82);
INSERT INTO Volume (VolumeId,fkMidiaId,fkMangaId,sinopse,numero,quantidadeCapitulos) VALUES (27,4,4,'Enter,wind,smile.,Number,difficult,door,human,about,garden,four,year.,Knowledge,international,still,might,hard,city.
Last,event,market,recent,field,money.,Ball,answer,newspaper,project.',29.49,98);
INSERT INTO Volume (VolumeId,fkMidiaId,fkMangaId,sinopse,numero,quantidadeCapitulos) VALUES (73,10,3,'Order,community,idea,style,war,rock.,Process,source,lot,soldier,everybody,raise,rock.,Country,really,industry.,Night,work,never.
Church,him,network,exactly,kind,this.,Actually,discussion,nor,take.',64.99,81);
INSERT INTO Revista (RevistaId,fkMidiaId,empresa,edicao) VALUES (1,28,'Caras',97);
INSERT INTO Revista (RevistaId,fkMidiaId,empresa,edicao) VALUES (2,21,'Exame',62);
INSERT INTO Revista (RevistaId,fkMidiaId,empresa,edicao) VALUES (3,11,'Caras',65);
INSERT INTO Revista (RevistaId,fkMidiaId,empresa,edicao) VALUES (4,26,'Vogue',61);
INSERT INTO Revista (RevistaId,fkMidiaId,empresa,edicao) VALUES (5,6,'ELLE',69);
INSERT INTO Revista (RevistaId,fkMidiaId,empresa,edicao) VALUES (10,23,'Harper’s,Bazaar',29);
INSERT INTO Autor (AutorId,nacionalidade,nome,dataNascimento,dataFalecimento) VALUES (1,'Alemanha','Michele,Rice','1942-12-6','1956-10-27');
INSERT INTO Autor (AutorId,nacionalidade,nome,dataNascimento,dataFalecimento) VALUES (2,'Japão','Michele,Oconnell','1928-11-25','1936-4-3');
INSERT INTO Autor (AutorId,nacionalidade,nome,dataNascimento,dataFalecimento) VALUES (3,'Etiópia','Melissa,Mathews','1954-3-31','1994-12-16');
INSERT INTO Autor (AutorId,nacionalidade,nome,dataNascimento,dataFalecimento) VALUES (4,'China','Heather,Martin','1985-10-25','1917-5-3');
INSERT INTO Autor (AutorId,nacionalidade,nome,dataNascimento,dataFalecimento) VALUES (5,'Argélia','Richard,Brown','1941-8-22','1966-4-14');
INSERT INTO Autor (AutorId,nacionalidade,nome,dataNascimento,dataFalecimento) VALUES (6,'Brasil','Cory,Lewis','2000-8-23','1950-9-20');
INSERT INTO Autor (AutorId,nacionalidade,nome,dataNascimento,dataFalecimento) VALUES (7,'Indonésia','Shannon,Mcmahon','2006-11-19','2005-5-21');
INSERT INTO Autor (AutorId,nacionalidade,nome,dataNascimento,dataFalecimento) VALUES (8,'Myanmar','Nancy,Huerta','1966-11-21','1902-7-25');
INSERT INTO Autor (AutorId,nacionalidade,nome,dataNascimento,dataFalecimento) VALUES (9,'China','Cheryl,Wood','1913-5-7','1969-3-5');
INSERT INTO Autor (AutorId,nacionalidade,nome,dataNascimento,dataFalecimento) VALUES (10,'Filipinas','Carly,Hill','1950-1-18','1959-12-30');
INSERT INTO Autor (AutorId,nacionalidade,nome,dataNascimento,dataFalecimento) VALUES (11,'Tailândia','Amy,Ferguson','1927-8-14','1978-6-27');
INSERT INTO Autor (AutorId,nacionalidade,nome,dataNascimento,dataFalecimento) VALUES (12,'Brasil','Tiffany,Mendez','1982-4-15','1966-1-17');
INSERT INTO Autor (AutorId,nacionalidade,nome,dataNascimento,dataFalecimento) VALUES (13,'Tanzânia','Erik,Day','1943-5-27','1958-4-25');
INSERT INTO Autor (AutorId,nacionalidade,nome,dataNascimento,dataFalecimento) VALUES (14,'Argélia','Gina,Morgan','1949-3-5','2017-7-6');
INSERT INTO Autor (AutorId,nacionalidade,nome,dataNascimento,dataFalecimento) VALUES (15,'Myanmar','Stephanie,White','1923-2-24','1969-8-6');
INSERT INTO Autor (AutorId,nacionalidade,nome,dataNascimento,dataFalecimento) VALUES (16,'Colômbia','Robert,Schaefer','1954-1-30','1915-11-4');
INSERT INTO Autor (AutorId,nacionalidade,nome,dataNascimento,dataFalecimento) VALUES (17,'Índia','Donna,Williams','1977-10-18','1991-9-25');
INSERT INTO Autor (AutorId,nacionalidade,nome,dataNascimento,dataFalecimento) VALUES (18,'Bangladesh','Susan,Marks','1945-8-23','1922-10-19');
INSERT INTO Autor (AutorId,nacionalidade,nome,dataNascimento,dataFalecimento) VALUES (19,'Iraque','Rhonda,Zimmerman','1910-7-1','1944-3-12');
INSERT INTO Autor (AutorId,nacionalidade,nome,dataNascimento,dataFalecimento) VALUES (20,'Coreia,do,Sul','Michele,Ellis','1912-1-8','2001-8-2');
INSERT INTO Autor (AutorId,nacionalidade,nome,dataNascimento,dataFalecimento) VALUES (21,'Iraque','Corey,Carney','1943-3-30','1957-2-8');
INSERT INTO Autor (AutorId,nacionalidade,nome,dataNascimento,dataFalecimento) VALUES (22,'França','Kathryn,Harrison','2018-7-10','1999-8-31');
INSERT INTO Autor (AutorId,nacionalidade,nome,dataNascimento,dataFalecimento) VALUES (23,'Turquia','Jennifer,Johnson','2012-11-28','2017-8-20');
INSERT INTO Autor (AutorId,nacionalidade,nome,dataNascimento,dataFalecimento) VALUES (24,'Tanzânia','Alexander,Williams','1967-5-13','1983-2-20');
INSERT INTO Autor (AutorId,nacionalidade,nome,dataNascimento,dataFalecimento) VALUES (25,'Coreia,do,Sul','Amanda,Peterson','1987-1-26','1989-9-8');
INSERT INTO Autor (AutorId,nacionalidade,nome,dataNascimento,dataFalecimento) VALUES (26,'Paquistão','Sara,Rodriguez','1923-8-18','1929-5-2');
INSERT INTO Autor (AutorId,nacionalidade,nome,dataNascimento,dataFalecimento) VALUES (27,'Quênia','Christina,Rose','1962-12-29','1999-4-10');
INSERT INTO Autor (AutorId,nacionalidade,nome,dataNascimento,dataFalecimento) VALUES (28,'Índia','Robert,Simmons','1994-8-28','1910-4-16');
INSERT INTO Autor (AutorId,nacionalidade,nome,dataNascimento,dataFalecimento) VALUES (29,'Iraque','Larry,Nolan','1966-1-10','2007-11-4');
INSERT INTO Autor (AutorId,nacionalidade,nome,dataNascimento,dataFalecimento) VALUES (30,'Paquistão','Lee,Johnson','1943-1-16','2010-10-14');
INSERT INTO Autor (AutorId,nacionalidade,nome,dataNascimento,dataFalecimento) VALUES (31,'Uganda','Debbie,Gibbs','1904-12-11','1948-9-19');
INSERT INTO Autor (AutorId,nacionalidade,nome,dataNascimento,dataFalecimento) VALUES (32,'Argentina','Mark,West','1997-6-27','1934-4-5');
INSERT INTO Autor (AutorId,nacionalidade,nome,dataNascimento,dataFalecimento) VALUES (33,'China','Ryan,Richardson','1958-5-26','2013-12-28');
INSERT INTO Autor (AutorId,nacionalidade,nome,dataNascimento,dataFalecimento) VALUES (34,'Coreia,do,Sul','Nancy,Rogers','1970-11-13','1947-3-20');
INSERT INTO Autor (AutorId,nacionalidade,nome,dataNascimento,dataFalecimento) VALUES (35,'Itália','Hunter,Gutierrez','1903-4-8','1969-2-10');
INSERT INTO Autor (AutorId,nacionalidade,nome,dataNascimento,dataFalecimento) VALUES (36,'Colômbia','Nicole,Buckley','1921-8-9','1991-4-22');
INSERT INTO Autor (AutorId,nacionalidade,nome,dataNascimento,dataFalecimento) VALUES (37,'Egito','Roger,Cox','1903-2-11','1993-9-9');
INSERT INTO Autor (AutorId,nacionalidade,nome,dataNascimento,dataFalecimento) VALUES (38,'Bangladesh','Nancy,Chan','1907-3-25','1910-11-29');
INSERT INTO Autor (AutorId,nacionalidade,nome,dataNascimento,dataFalecimento) VALUES (39,'Indonésia','James,Reid','1943-12-25','1920-2-27');
INSERT INTO Autor (AutorId,nacionalidade,nome,dataNascimento,dataFalecimento) VALUES (40,'Paquistão','Randy,Williams','1954-5-16','1908-6-30');
INSERT INTO Autor (AutorId,nacionalidade,nome,dataNascimento,dataFalecimento) VALUES (41,'Itália','Ricky,Franklin','1915-12-29','1982-8-13');
INSERT INTO Autor (AutorId,nacionalidade,nome,dataNascimento,dataFalecimento) VALUES (42,'Coreia,do,Sul','Shawn,Velasquez','2017-2-20','1995-12-28');
INSERT INTO Autor (AutorId,nacionalidade,nome,dataNascimento,dataFalecimento) VALUES (43,'Reino,Unido','Joseph,Carter','1964-8-3','1900-7-31');
INSERT INTO Autor (AutorId,nacionalidade,nome,dataNascimento,dataFalecimento) VALUES (44,'Índia','Stephen,Whitehead','2004-5-18','1997-12-6');
INSERT INTO Autor (AutorId,nacionalidade,nome,dataNascimento,dataFalecimento) VALUES (45,'Uganda','Laura,Soto','1968-4-24','1941-3-29');
INSERT INTO Autor (AutorId,nacionalidade,nome,dataNascimento,dataFalecimento) VALUES (46,'Tailândia','Brandon,Mcclain','1920-9-2','1903-5-9');
INSERT INTO Autor (AutorId,nacionalidade,nome,dataNascimento,dataFalecimento) VALUES (47,'Coreia,do,Norte','Abigail,Ramos','2000-12-10','1907-12-26');
INSERT INTO Autor (AutorId,nacionalidade,nome,dataNascimento,dataFalecimento) VALUES (48,'Quênia','Kimberly,Hale','1984-12-29','1987-3-17');
INSERT INTO Autor (AutorId,nacionalidade,nome,dataNascimento,dataFalecimento) VALUES (49,'Coreia,do,Norte','Lisa,Martin','1900-11-22','1999-4-1');
INSERT INTO Autor (AutorId,nacionalidade,nome,dataNascimento,dataFalecimento) VALUES (50,'Coreia,do,Norte','Francis,Davis','1925-3-12','2015-12-4');
INSERT INTO Autor (AutorId,nacionalidade,nome,dataNascimento,dataFalecimento) VALUES (51,'Filipinas','Kenneth,Rosario','2016-9-3','1959-12-2');
INSERT INTO Autor (AutorId,nacionalidade,nome,dataNascimento,dataFalecimento) VALUES (52,'Paquistão','Ronald,Wright,Jr.','1957-2-9','1973-10-18');
INSERT INTO Autor (AutorId,nacionalidade,nome,dataNascimento,dataFalecimento) VALUES (53,'Rússia','Douglas,Keith','2017-6-3','2011-1-5');
INSERT INTO Autor (AutorId,nacionalidade,nome,dataNascimento,dataFalecimento) VALUES (54,'Brasil','Jordan,Miller','1919-3-16','1971-8-9');
INSERT INTO Autor (AutorId,nacionalidade,nome,dataNascimento,dataFalecimento) VALUES (55,'Ucrânia','Wanda,Gonzalez','1998-6-29','1988-4-30');
INSERT INTO Autor (AutorId,nacionalidade,nome,dataNascimento,dataFalecimento) VALUES (56,'Argentina','Frederick,Lewis','1985-5-20','1903-11-9');
INSERT INTO Autor (AutorId,nacionalidade,nome,dataNascimento,dataFalecimento) VALUES (57,'Paquistão','Joanna,Hayes','1954-9-20','2009-5-13');
INSERT INTO Autor (AutorId,nacionalidade,nome,dataNascimento,dataFalecimento) VALUES (58,'Quênia','Julie,Miller','1905-9-4','1976-11-30');
INSERT INTO Autor (AutorId,nacionalidade,nome,dataNascimento,dataFalecimento) VALUES (59,'Índia','Kyle,Barrera,MD','1968-2-14','1981-12-15');
INSERT INTO Autor (AutorId,nacionalidade,nome,dataNascimento,dataFalecimento) VALUES (60,'Sudão','Carlos,Harris','1945-6-29','1955-1-11');
INSERT INTO Autor (AutorId,nacionalidade,nome,dataNascimento,dataFalecimento) VALUES (61,'Egito','Amanda,Lewis','1935-5-11','1919-6-16');
INSERT INTO Autor (AutorId,nacionalidade,nome,dataNascimento,dataFalecimento) VALUES (62,'Coreia,do,Norte','Matthew,Dickson','1978-8-19','1907-11-27');
INSERT INTO Autor (AutorId,nacionalidade,nome,dataNascimento,dataFalecimento) VALUES (63,'Rússia','Sheri,Solis','2007-8-12','1928-10-16');
INSERT INTO Autor (AutorId,nacionalidade,nome,dataNascimento,dataFalecimento) VALUES (64,'Coreia,do,Sul','Deborah,Thomas','1973-12-15','1977-5-18');
INSERT INTO Autor (AutorId,nacionalidade,nome,dataNascimento,dataFalecimento) VALUES (65,'Irã','Larry,Stephens','1964-2-24','1931-5-5');
INSERT INTO Autor (AutorId,nacionalidade,nome,dataNascimento,dataFalecimento) VALUES (66,'México','Phyllis,Moore','1980-9-7','1952-3-11');
INSERT INTO Autor (AutorId,nacionalidade,nome,dataNascimento,dataFalecimento) VALUES (67,'Filipinas','Jennifer,Ritter','1912-5-2','2000-5-11');
INSERT INTO Autor (AutorId,nacionalidade,nome,dataNascimento,dataFalecimento) VALUES (68,'Irã','Mrs.,Rebekah,Jenkins','2017-1-12','1926-10-9');
INSERT INTO Autor (AutorId,nacionalidade,nome,dataNascimento,dataFalecimento) VALUES (69,'Argentina','Craig,Huffman','1967-9-27','1956-5-30');
INSERT INTO Autor (AutorId,nacionalidade,nome,dataNascimento,dataFalecimento) VALUES (70,'Brasil','Diana,Bray','1954-11-22','1915-12-7');
INSERT INTO Autor (AutorId,nacionalidade,nome,dataNascimento,dataFalecimento) VALUES (71,'República,Democrática,do,Congo','Peter,Williams','1914-1-18','1989-10-11');
INSERT INTO Autor (AutorId,nacionalidade,nome,dataNascimento,dataFalecimento) VALUES (72,'Indonésia','Christopher,Washington','1981-5-7','2013-8-28');
INSERT INTO Autor (AutorId,nacionalidade,nome,dataNascimento,dataFalecimento) VALUES (73,'Etiópia','Angel,Powell','1935-3-26','1931-1-5');
INSERT INTO Autor (AutorId,nacionalidade,nome,dataNascimento,dataFalecimento) VALUES (74,'Japão','Caitlyn,Sanders','1918-12-15','1922-9-30');
INSERT INTO Autor (AutorId,nacionalidade,nome,dataNascimento,dataFalecimento) VALUES (75,'Japão','Brittney,Moore','1979-9-8','1968-8-23');
INSERT INTO Autor (AutorId,nacionalidade,nome,dataNascimento,dataFalecimento) VALUES (76,'Alemanha','Colleen,Watson','2011-9-30','1935-9-5');
INSERT INTO Autor (AutorId,nacionalidade,nome,dataNascimento,dataFalecimento) VALUES (77,'Colômbia','Annette,Mahoney','1999-8-29','2010-11-26');
INSERT INTO Autor (AutorId,nacionalidade,nome,dataNascimento,dataFalecimento) VALUES (78,'Irã','Nicole,Bailey,MD','1992-2-29','1903-4-8');
INSERT INTO Autor (AutorId,nacionalidade,nome,dataNascimento,dataFalecimento) VALUES (79,'Argentina','Ronald,Johnson','1995-7-29','1989-10-8');
INSERT INTO Autor (AutorId,nacionalidade,nome,dataNascimento,dataFalecimento) VALUES (80,'Irã','Marcus,Ramos','2016-8-29','1941-5-4');
INSERT INTO Autor (AutorId,nacionalidade,nome,dataNascimento,dataFalecimento) VALUES (81,'República,Democrática,do,Congo','Sandra,Thomas','1923-4-15','1995-3-1');
INSERT INTO Autor (AutorId,nacionalidade,nome,dataNascimento,dataFalecimento) VALUES (82,'Reino,Unido','Gary,Sims','1940-6-9','1994-7-26');
INSERT INTO Autor (AutorId,nacionalidade,nome,dataNascimento,dataFalecimento) VALUES (83,'México','Ricardo,Diaz','1943-7-25','2010-11-18');
INSERT INTO Autor (AutorId,nacionalidade,nome,dataNascimento,dataFalecimento) VALUES (84,'Vietnã','Karla,Hernandez','2004-1-13','1937-2-12');
INSERT INTO Autor (AutorId,nacionalidade,nome,dataNascimento,dataFalecimento) VALUES (85,'Etiópia','Haley,Nguyen','1928-9-13','1928-4-1');
INSERT INTO Autor (AutorId,nacionalidade,nome,dataNascimento,dataFalecimento) VALUES (86,'Colômbia','Traci,Sanders','2000-3-22','1949-2-28');
INSERT INTO Autor (AutorId,nacionalidade,nome,dataNascimento,dataFalecimento) VALUES (87,'Espanha','Marilyn,Snyder','1978-7-20','1999-11-14');
INSERT INTO Autor (AutorId,nacionalidade,nome,dataNascimento,dataFalecimento) VALUES (88,'Nigéria','Cindy,Lawrence','1969-9-4','1966-12-6');
INSERT INTO Autor (AutorId,nacionalidade,nome,dataNascimento,dataFalecimento) VALUES (89,'Coreia,do,Norte','Darrell,Murray','1992-5-13','2017-2-6');
INSERT INTO Autor (AutorId,nacionalidade,nome,dataNascimento,dataFalecimento) VALUES (90,'Colômbia','Kevin,James','1905-7-28','2015-1-25');
INSERT INTO Autor (AutorId,nacionalidade,nome,dataNascimento,dataFalecimento) VALUES (91,'Índia','Billy,Rodgers','2014-9-25','1978-7-13');
INSERT INTO Autor (AutorId,nacionalidade,nome,dataNascimento,dataFalecimento) VALUES (92,'Filipinas','James,Lopez','1954-3-1','1941-7-13');
INSERT INTO Autor (AutorId,nacionalidade,nome,dataNascimento,dataFalecimento) VALUES (93,'Coreia,do,Sul','Pamela,Middleton','1956-7-7','1994-11-8');
INSERT INTO Autor (AutorId,nacionalidade,nome,dataNascimento,dataFalecimento) VALUES (94,'Argélia','William,Reyes','1900-10-23','1958-11-16');
INSERT INTO Autor (AutorId,nacionalidade,nome,dataNascimento,dataFalecimento) VALUES (95,'Myanmar','Tracey,Calhoun','1978-12-12','2013-4-16');
INSERT INTO Autor (AutorId,nacionalidade,nome,dataNascimento,dataFalecimento) VALUES (96,'Uganda','Joe,Figueroa','1900-6-15','1925-1-8');
INSERT INTO Autor (AutorId,nacionalidade,nome,dataNascimento,dataFalecimento) VALUES (97,'Etiópia','Julie,Day','1927-2-23','1987-1-23');
INSERT INTO Autor (AutorId,nacionalidade,nome,dataNascimento,dataFalecimento) VALUES (98,'Argélia','Noah,Ellis','1994-1-26','1919-5-19');
INSERT INTO Autor (AutorId,nacionalidade,nome,dataNascimento,dataFalecimento) VALUES (99,'Índia','Michael,Campbell','1931-2-16','2015-8-22');
INSERT INTO Autor (AutorId,nacionalidade,nome,dataNascimento,dataFalecimento) VALUES (100,'Sudão','Andrew,Dougherty','1970-4-8','1962-11-24');
INSERT INTO Funcionario (FuncionarioId,funcao,nome,salario,dataAdmissao) VALUES (1,'Aprendiz','Kurt,Dominguez',65.01,'1938-9-16');
INSERT INTO Funcionario (FuncionarioId,funcao,nome,salario,dataAdmissao) VALUES (2,'Editor-executivo','Karen,Moore',83.75,'2004-11-16');
INSERT INTO Funcionario (FuncionarioId,funcao,nome,salario,dataAdmissao) VALUES (3,'Estagiário','Daniel,Combs',88.3,'1947-5-17');
INSERT INTO Funcionario (FuncionarioId,funcao,nome,salario,dataAdmissao) VALUES (4,'Redator','Heather,Horton',54.22,'1979-7-18');
INSERT INTO Funcionario (FuncionarioId,funcao,nome,salario,dataAdmissao) VALUES (5,'Diagramador','Linda,Cabrera',46.72,'1906-11-6');
INSERT INTO Cliente (ClienteId,endereco,sexo,nome,dataNascimento) VALUES (1,'32241,Simpson,Parks
Lake,Heatherfort,,IA,10584','F','Heather,Watson','1959-9-11');
INSERT INTO Cliente (ClienteId,endereco,sexo,nome,dataNascimento) VALUES (2,'2347,Katherine,Viaduct,Suite,616
New,Susanton,,AR,11583','M','Laurie,Ellison','2004-10-10');
INSERT INTO Cliente (ClienteId,endereco,sexo,nome,dataNascimento) VALUES (3,'86501,Chavez,Orchard
South,Chase,,MD,36498','F','Heather,Wood','1913-10-28');
INSERT INTO Compra (CompraId,fkCLienteId,fkFuncionarioId,data) VALUES (1,2,1,'1903-1-30');
INSERT INTO ProdutosComprados (ProdutosCompradosId,fkCompraId,fkMidiaId,quantidade) VALUES (1,1,1,3);
INSERT INTO Compra (CompraId,fkCLienteId,fkFuncionarioId,data) VALUES (2,3,4,'1983-10-25');
INSERT INTO ProdutosComprados (ProdutosCompradosId,fkCompraId,fkMidiaId,quantidade) VALUES (2,2,2,97);
INSERT INTO Compra (CompraId,fkCLienteId,fkFuncionarioId,data) VALUES (3,2,4,'1927-12-29');
INSERT INTO ProdutosComprados (ProdutosCompradosId,fkCompraId,fkMidiaId,quantidade) VALUES (3,2,3,6);
INSERT INTO Compra (CompraId,fkCLienteId,fkFuncionarioId,data) VALUES (4,3,5,'1902-3-14');
INSERT INTO ProdutosComprados (ProdutosCompradosId,fkCompraId,fkMidiaId,quantidade) VALUES (4,2,4,15);
INSERT INTO Compra (CompraId,fkCLienteId,fkFuncionarioId,data) VALUES (5,2,2,'1977-3-5');
INSERT INTO ProdutosComprados (ProdutosCompradosId,fkCompraId,fkMidiaId,quantidade) VALUES (5,2,5,68);
INSERT INTO Compra (CompraId,fkCLienteId,fkFuncionarioId,data) VALUES (6,2,1,'1954-2-19');
INSERT INTO ProdutosComprados (ProdutosCompradosId,fkCompraId,fkMidiaId,quantidade) VALUES (6,1,6,8);
INSERT INTO Compra (CompraId,fkCLienteId,fkFuncionarioId,data) VALUES (7,2,4,'2017-2-11');
INSERT INTO ProdutosComprados (ProdutosCompradosId,fkCompraId,fkMidiaId,quantidade) VALUES (7,7,7,86);
INSERT INTO Compra (CompraId,fkCLienteId,fkFuncionarioId,data) VALUES (8,1,3,'1919-7-24');
INSERT INTO ProdutosComprados (ProdutosCompradosId,fkCompraId,fkMidiaId,quantidade) VALUES (8,5,8,89);
INSERT INTO Compra (CompraId,fkCLienteId,fkFuncionarioId,data) VALUES (9,3,3,'1986-4-27');
INSERT INTO ProdutosComprados (ProdutosCompradosId,fkCompraId,fkMidiaId,quantidade) VALUES (9,2,9,12);
INSERT INTO Compra (CompraId,fkCLienteId,fkFuncionarioId,data) VALUES (10,3,1,'1966-4-27');
INSERT INTO ProdutosComprados (ProdutosCompradosId,fkCompraId,fkMidiaId,quantidade) VALUES (10,2,10,37);
INSERT INTO Compra (CompraId,fkCLienteId,fkFuncionarioId,data) VALUES (11,2,1,'1905-6-17');
INSERT INTO ProdutosComprados (ProdutosCompradosId,fkCompraId,fkMidiaId,quantidade) VALUES (11,8,11,23);
INSERT INTO Compra (CompraId,fkCLienteId,fkFuncionarioId,data) VALUES (12,3,2,'1920-11-21');
INSERT INTO ProdutosComprados (ProdutosCompradosId,fkCompraId,fkMidiaId,quantidade) VALUES (12,7,12,23);
INSERT INTO Compra (CompraId,fkCLienteId,fkFuncionarioId,data) VALUES (13,2,2,'1915-4-12');
INSERT INTO ProdutosComprados (ProdutosCompradosId,fkCompraId,fkMidiaId,quantidade) VALUES (13,2,13,81);
INSERT INTO Compra (CompraId,fkCLienteId,fkFuncionarioId,data) VALUES (14,2,3,'1964-8-13');
INSERT INTO ProdutosComprados (ProdutosCompradosId,fkCompraId,fkMidiaId,quantidade) VALUES (14,13,14,70);
INSERT INTO Compra (CompraId,fkCLienteId,fkFuncionarioId,data) VALUES (15,3,3,'1949-9-15');
INSERT INTO ProdutosComprados (ProdutosCompradosId,fkCompraId,fkMidiaId,quantidade) VALUES (15,4,15,32);
INSERT INTO Compra (CompraId,fkCLienteId,fkFuncionarioId,data) VALUES (16,2,2,'1920-3-5');
INSERT INTO ProdutosComprados (ProdutosCompradosId,fkCompraId,fkMidiaId,quantidade) VALUES (16,7,16,90);
INSERT INTO Compra (CompraId,fkCLienteId,fkFuncionarioId,data) VALUES (17,1,2,'1943-12-9');
INSERT INTO ProdutosComprados (ProdutosCompradosId,fkCompraId,fkMidiaId,quantidade) VALUES (17,17,17,37);
INSERT INTO Compra (CompraId,fkCLienteId,fkFuncionarioId,data) VALUES (18,1,4,'1975-12-27');
INSERT INTO ProdutosComprados (ProdutosCompradosId,fkCompraId,fkMidiaId,quantidade) VALUES (18,15,18,55);
INSERT INTO Compra (CompraId,fkCLienteId,fkFuncionarioId,data) VALUES (19,1,3,'1966-6-26');
INSERT INTO ProdutosComprados (ProdutosCompradosId,fkCompraId,fkMidiaId,quantidade) VALUES (19,19,19,8);
INSERT INTO Compra (CompraId,fkCLienteId,fkFuncionarioId,data) VALUES (20,1,2,'2014-4-7');
INSERT INTO ProdutosComprados (ProdutosCompradosId,fkCompraId,fkMidiaId,quantidade) VALUES (20,4,20,57);
INSERT INTO Compra (CompraId,fkCLienteId,fkFuncionarioId,data) VALUES (21,3,2,'1900-6-21');
INSERT INTO ProdutosComprados (ProdutosCompradosId,fkCompraId,fkMidiaId,quantidade) VALUES (21,15,21,9);
INSERT INTO Compra (CompraId,fkCLienteId,fkFuncionarioId,data) VALUES (22,2,1,'1969-2-14');
INSERT INTO ProdutosComprados (ProdutosCompradosId,fkCompraId,fkMidiaId,quantidade) VALUES (22,21,22,89);
INSERT INTO Compra (CompraId,fkCLienteId,fkFuncionarioId,data) VALUES (23,2,2,'1937-11-3');
INSERT INTO ProdutosComprados (ProdutosCompradosId,fkCompraId,fkMidiaId,quantidade) VALUES (23,21,23,72);
INSERT INTO Compra (CompraId,fkCLienteId,fkFuncionarioId,data) VALUES (24,1,5,'1947-10-17');
INSERT INTO ProdutosComprados (ProdutosCompradosId,fkCompraId,fkMidiaId,quantidade) VALUES (24,5,24,86);
INSERT INTO Compra (CompraId,fkCLienteId,fkFuncionarioId,data) VALUES (25,1,5,'2000-1-25');
INSERT INTO ProdutosComprados (ProdutosCompradosId,fkCompraId,fkMidiaId,quantidade) VALUES (25,17,25,24);
INSERT INTO Compra (CompraId,fkCLienteId,fkFuncionarioId,data) VALUES (26,1,1,'2007-9-29');
INSERT INTO ProdutosComprados (ProdutosCompradosId,fkCompraId,fkMidiaId,quantidade) VALUES (26,6,26,46);
INSERT INTO Compra (CompraId,fkCLienteId,fkFuncionarioId,data) VALUES (27,3,2,'1930-11-16');
INSERT INTO ProdutosComprados (ProdutosCompradosId,fkCompraId,fkMidiaId,quantidade) VALUES (27,27,27,92);
INSERT INTO Compra (CompraId,fkCLienteId,fkFuncionarioId,data) VALUES (28,2,3,'1984-5-17');
INSERT INTO ProdutosComprados (ProdutosCompradosId,fkCompraId,fkMidiaId,quantidade) VALUES (28,15,28,35);
INSERT INTO Compra (CompraId,fkCLienteId,fkFuncionarioId,data) VALUES (29,3,1,'1947-2-12');
INSERT INTO ProdutosComprados (ProdutosCompradosId,fkCompraId,fkMidiaId,quantidade) VALUES (29,15,29,97);
INSERT INTO Compra (CompraId,fkCLienteId,fkFuncionarioId,data) VALUES (30,3,2,'1988-8-8');
INSERT INTO ProdutosComprados (ProdutosCompradosId,fkCompraId,fkMidiaId,quantidade) VALUES (30,11,30,63);
INSERT INTO Compra (CompraId,fkCLienteId,fkFuncionarioId,data) VALUES (31,2,4,'1968-8-8');
INSERT INTO Compra (CompraId,fkCLienteId,fkFuncionarioId,data) VALUES (32,3,5,'1964-11-13');
INSERT INTO Compra (CompraId,fkCLienteId,fkFuncionarioId,data) VALUES (33,3,1,'1938-3-26');
INSERT INTO Compra (CompraId,fkCLienteId,fkFuncionarioId,data) VALUES (34,2,4,'2007-3-19');
INSERT INTO Compra (CompraId,fkCLienteId,fkFuncionarioId,data) VALUES (35,2,4,'1952-9-9');
INSERT INTO Compra (CompraId,fkCLienteId,fkFuncionarioId,data) VALUES (36,1,2,'1987-4-18');
INSERT INTO Compra (CompraId,fkCLienteId,fkFuncionarioId,data) VALUES (37,1,5,'1950-1-3');
INSERT INTO Compra (CompraId,fkCLienteId,fkFuncionarioId,data) VALUES (38,2,2,'1962-6-14');
INSERT INTO Compra (CompraId,fkCLienteId,fkFuncionarioId,data) VALUES (39,2,5,'1988-4-20');
INSERT INTO Compra (CompraId,fkCLienteId,fkFuncionarioId,data) VALUES (40,3,2,'2011-2-25');
INSERT INTO Compra (CompraId,fkCLienteId,fkFuncionarioId,data) VALUES (41,1,2,'1912-9-12');
INSERT INTO Compra (CompraId,fkCLienteId,fkFuncionarioId,data) VALUES (42,2,3,'1901-10-24');
INSERT INTO Compra (CompraId,fkCLienteId,fkFuncionarioId,data) VALUES (43,2,2,'1948-7-28');
INSERT INTO Compra (CompraId,fkCLienteId,fkFuncionarioId,data) VALUES (44,2,5,'1930-9-25');
INSERT INTO Compra (CompraId,fkCLienteId,fkFuncionarioId,data) VALUES (45,3,1,'1994-9-19');
INSERT INTO Compra (CompraId,fkCLienteId,fkFuncionarioId,data) VALUES (46,1,4,'2010-10-28');
INSERT INTO Compra (CompraId,fkCLienteId,fkFuncionarioId,data) VALUES (47,2,3,'1922-3-9');
INSERT INTO Compra (CompraId,fkCLienteId,fkFuncionarioId,data) VALUES (48,3,3,'1971-12-10');
INSERT INTO Compra (CompraId,fkCLienteId,fkFuncionarioId,data) VALUES (49,3,1,'1914-9-21');
INSERT INTO Compra (CompraId,fkCLienteId,fkFuncionarioId,data) VALUES (50,3,5,'1929-6-23');
INSERT INTO Compra (CompraId,fkCLienteId,fkFuncionarioId,data) VALUES (51,2,5,'1907-11-24');
INSERT INTO Compra (CompraId,fkCLienteId,fkFuncionarioId,data) VALUES (52,2,1,'1921-4-5');
INSERT INTO Compra (CompraId,fkCLienteId,fkFuncionarioId,data) VALUES (53,3,5,'1936-12-30');
INSERT INTO Compra (CompraId,fkCLienteId,fkFuncionarioId,data) VALUES (54,3,3,'1935-9-9');
INSERT INTO Compra (CompraId,fkCLienteId,fkFuncionarioId,data) VALUES (55,2,2,'1957-5-3');
INSERT INTO Compra (CompraId,fkCLienteId,fkFuncionarioId,data) VALUES (56,3,4,'1937-1-26');
INSERT INTO Compra (CompraId,fkCLienteId,fkFuncionarioId,data) VALUES (57,2,4,'1906-1-14');
INSERT INTO Compra (CompraId,fkCLienteId,fkFuncionarioId,data) VALUES (58,2,1,'1979-12-15');
INSERT INTO Compra (CompraId,fkCLienteId,fkFuncionarioId,data) VALUES (59,2,3,'1910-12-24');
INSERT INTO Compra (CompraId,fkCLienteId,fkFuncionarioId,data) VALUES (60,2,4,'1950-4-24');
INSERT INTO Compra (CompraId,fkCLienteId,fkFuncionarioId,data) VALUES (61,2,5,'1956-1-27');
INSERT INTO Compra (CompraId,fkCLienteId,fkFuncionarioId,data) VALUES (62,3,5,'1941-1-31');
INSERT INTO Compra (CompraId,fkCLienteId,fkFuncionarioId,data) VALUES (63,2,2,'1976-6-9');
INSERT INTO Compra (CompraId,fkCLienteId,fkFuncionarioId,data) VALUES (64,1,4,'2000-11-12');
INSERT INTO Compra (CompraId,fkCLienteId,fkFuncionarioId,data) VALUES (65,2,3,'1994-7-5');
INSERT INTO Compra (CompraId,fkCLienteId,fkFuncionarioId,data) VALUES (66,3,4,'1989-12-24');
INSERT INTO Compra (CompraId,fkCLienteId,fkFuncionarioId,data) VALUES (67,2,3,'1938-8-26');
INSERT INTO Compra (CompraId,fkCLienteId,fkFuncionarioId,data) VALUES (68,3,2,'1964-2-18');
INSERT INTO Compra (CompraId,fkCLienteId,fkFuncionarioId,data) VALUES (69,3,5,'1998-4-16');
INSERT INTO Compra (CompraId,fkCLienteId,fkFuncionarioId,data) VALUES (70,2,2,'1976-1-27');
INSERT INTO Compra (CompraId,fkCLienteId,fkFuncionarioId,data) VALUES (71,2,1,'1926-5-15');
INSERT INTO Compra (CompraId,fkCLienteId,fkFuncionarioId,data) VALUES (72,1,2,'1911-8-21');
INSERT INTO Compra (CompraId,fkCLienteId,fkFuncionarioId,data) VALUES (73,2,4,'1989-8-14');
INSERT INTO Compra (CompraId,fkCLienteId,fkFuncionarioId,data) VALUES (74,1,3,'2009-12-8');
INSERT INTO Compra (CompraId,fkCLienteId,fkFuncionarioId,data) VALUES (75,2,2,'1905-10-28');
INSERT INTO Compra (CompraId,fkCLienteId,fkFuncionarioId,data) VALUES (76,2,1,'1903-2-15');
INSERT INTO Compra (CompraId,fkCLienteId,fkFuncionarioId,data) VALUES (77,2,3,'2009-5-2');
INSERT INTO Compra (CompraId,fkCLienteId,fkFuncionarioId,data) VALUES (78,3,4,'1949-5-29');
INSERT INTO Compra (CompraId,fkCLienteId,fkFuncionarioId,data) VALUES (79,1,1,'1933-10-19');
INSERT INTO Compra (CompraId,fkCLienteId,fkFuncionarioId,data) VALUES (80,2,4,'1914-1-28');
INSERT INTO Compra (CompraId,fkCLienteId,fkFuncionarioId,data) VALUES (81,2,5,'1901-6-6');
INSERT INTO Compra (CompraId,fkCLienteId,fkFuncionarioId,data) VALUES (82,1,2,'1917-12-10');
INSERT INTO Compra (CompraId,fkCLienteId,fkFuncionarioId,data) VALUES (83,1,5,'1983-3-30');
INSERT INTO Compra (CompraId,fkCLienteId,fkFuncionarioId,data) VALUES (84,2,5,'1968-1-20');
INSERT INTO Compra (CompraId,fkCLienteId,fkFuncionarioId,data) VALUES (85,3,3,'1987-11-7');
INSERT INTO Compra (CompraId,fkCLienteId,fkFuncionarioId,data) VALUES (86,2,2,'1973-4-6');
INSERT INTO Compra (CompraId,fkCLienteId,fkFuncionarioId,data) VALUES (87,3,3,'1969-5-13');
INSERT INTO Compra (CompraId,fkCLienteId,fkFuncionarioId,data) VALUES (88,2,5,'2018-11-18');
INSERT INTO Compra (CompraId,fkCLienteId,fkFuncionarioId,data) VALUES (89,1,4,'1920-7-20');
INSERT INTO Compra (CompraId,fkCLienteId,fkFuncionarioId,data) VALUES (90,3,3,'1939-3-15');
INSERT INTO Compra (CompraId,fkCLienteId,fkFuncionarioId,data) VALUES (91,1,5,'1947-12-27');
INSERT INTO Compra (CompraId,fkCLienteId,fkFuncionarioId,data) VALUES (92,2,5,'1970-1-2');
INSERT INTO Compra (CompraId,fkCLienteId,fkFuncionarioId,data) VALUES (93,3,1,'1999-3-29');
INSERT INTO Compra (CompraId,fkCLienteId,fkFuncionarioId,data) VALUES (94,3,1,'1950-3-15');
INSERT INTO Compra (CompraId,fkCLienteId,fkFuncionarioId,data) VALUES (95,3,5,'2018-9-18');
INSERT INTO Compra (CompraId,fkCLienteId,fkFuncionarioId,data) VALUES (96,2,4,'1991-3-9');
INSERT INTO Compra (CompraId,fkCLienteId,fkFuncionarioId,data) VALUES (97,3,4,'1921-10-15');
INSERT INTO Compra (CompraId,fkCLienteId,fkFuncionarioId,data) VALUES (98,3,3,'2013-10-19');
INSERT INTO Compra (CompraId,fkCLienteId,fkFuncionarioId,data) VALUES (99,1,1,'1958-9-15');
INSERT INTO Compra (CompraId,fkCLienteId,fkFuncionarioId,data) VALUES (100,1,4,'1937-9-24');
INSERT INTO Compra (CompraId,fkCLienteId,fkFuncionarioId,data) VALUES (101,2,4,'1973-5-25');
INSERT INTO Compra (CompraId,fkCLienteId,fkFuncionarioId,data) VALUES (102,1,2,'1906-8-16');
INSERT INTO Compra (CompraId,fkCLienteId,fkFuncionarioId,data) VALUES (103,1,5,'1962-10-10');
INSERT INTO Compra (CompraId,fkCLienteId,fkFuncionarioId,data) VALUES (104,3,5,'1916-9-21');
INSERT INTO Compra (CompraId,fkCLienteId,fkFuncionarioId,data) VALUES (105,1,2,'2000-6-29');
INSERT INTO Compra (CompraId,fkCLienteId,fkFuncionarioId,data) VALUES (106,3,4,'1924-6-1');
INSERT INTO Compra (CompraId,fkCLienteId,fkFuncionarioId,data) VALUES (107,2,4,'1934-8-30');
INSERT INTO Compra (CompraId,fkCLienteId,fkFuncionarioId,data) VALUES (108,1,2,'1929-10-20');
INSERT INTO Compra (CompraId,fkCLienteId,fkFuncionarioId,data) VALUES (109,2,2,'1984-8-5');
INSERT INTO Compra (CompraId,fkCLienteId,fkFuncionarioId,data) VALUES (110,1,2,'2018-3-12');
INSERT INTO Compra (CompraId,fkCLienteId,fkFuncionarioId,data) VALUES (111,2,5,'1954-11-18');
INSERT INTO Compra (CompraId,fkCLienteId,fkFuncionarioId,data) VALUES (112,2,5,'1963-2-22');
INSERT INTO Compra (CompraId,fkCLienteId,fkFuncionarioId,data) VALUES (113,2,1,'1903-3-13');
INSERT INTO Compra (CompraId,fkCLienteId,fkFuncionarioId,data) VALUES (114,2,2,'1922-10-1');
INSERT INTO Compra (CompraId,fkCLienteId,fkFuncionarioId,data) VALUES (115,1,1,'1996-6-7');
INSERT INTO Compra (CompraId,fkCLienteId,fkFuncionarioId,data) VALUES (116,3,5,'2017-10-19');
INSERT INTO Compra (CompraId,fkCLienteId,fkFuncionarioId,data) VALUES (117,2,5,'1986-4-23');
INSERT INTO Compra (CompraId,fkCLienteId,fkFuncionarioId,data) VALUES (118,3,2,'1954-3-23');
INSERT INTO Compra (CompraId,fkCLienteId,fkFuncionarioId,data) VALUES (119,1,4,'1939-1-6');
INSERT INTO Compra (CompraId,fkCLienteId,fkFuncionarioId,data) VALUES (120,1,5,'1950-5-15');
INSERT INTO Compra (CompraId,fkCLienteId,fkFuncionarioId,data) VALUES (121,1,5,'1929-9-27');
INSERT INTO Compra (CompraId,fkCLienteId,fkFuncionarioId,data) VALUES (122,1,3,'1914-6-3');
INSERT INTO Compra (CompraId,fkCLienteId,fkFuncionarioId,data) VALUES (123,2,5,'1919-10-24');
INSERT INTO Compra (CompraId,fkCLienteId,fkFuncionarioId,data) VALUES (124,2,4,'1970-4-10');
INSERT INTO Compra (CompraId,fkCLienteId,fkFuncionarioId,data) VALUES (125,2,5,'1984-9-4');
INSERT INTO Compra (CompraId,fkCLienteId,fkFuncionarioId,data) VALUES (126,2,1,'1949-12-22');
INSERT INTO Compra (CompraId,fkCLienteId,fkFuncionarioId,data) VALUES (127,3,5,'1985-3-2');
INSERT INTO Compra (CompraId,fkCLienteId,fkFuncionarioId,data) VALUES (128,2,2,'2017-2-6');
INSERT INTO Compra (CompraId,fkCLienteId,fkFuncionarioId,data) VALUES (129,2,4,'1977-10-30');
INSERT INTO Compra (CompraId,fkCLienteId,fkFuncionarioId,data) VALUES (130,3,1,'1919-8-13');
INSERT INTO Compra (CompraId,fkCLienteId,fkFuncionarioId,data) VALUES (131,2,2,'1968-5-26');
INSERT INTO Compra (CompraId,fkCLienteId,fkFuncionarioId,data) VALUES (132,3,5,'1916-3-12');
INSERT INTO Compra (CompraId,fkCLienteId,fkFuncionarioId,data) VALUES (133,1,2,'1905-8-11');
INSERT INTO Compra (CompraId,fkCLienteId,fkFuncionarioId,data) VALUES (134,2,4,'1955-4-2');
INSERT INTO Compra (CompraId,fkCLienteId,fkFuncionarioId,data) VALUES (135,3,5,'1988-9-22');
INSERT INTO Compra (CompraId,fkCLienteId,fkFuncionarioId,data) VALUES (136,1,2,'1980-6-27');
INSERT INTO Compra (CompraId,fkCLienteId,fkFuncionarioId,data) VALUES (137,1,3,'1940-12-10');
INSERT INTO Compra (CompraId,fkCLienteId,fkFuncionarioId,data) VALUES (138,3,4,'2009-3-26');
INSERT INTO Compra (CompraId,fkCLienteId,fkFuncionarioId,data) VALUES (139,2,2,'2007-6-1');
INSERT INTO Compra (CompraId,fkCLienteId,fkFuncionarioId,data) VALUES (140,3,5,'2003-3-28');
INSERT INTO Compra (CompraId,fkCLienteId,fkFuncionarioId,data) VALUES (141,2,1,'2001-7-13');
INSERT INTO Compra (CompraId,fkCLienteId,fkFuncionarioId,data) VALUES (142,1,1,'1945-1-10');
INSERT INTO Compra (CompraId,fkCLienteId,fkFuncionarioId,data) VALUES (143,3,4,'1979-5-8');
INSERT INTO Compra (CompraId,fkCLienteId,fkFuncionarioId,data) VALUES (144,3,4,'1919-1-28');
INSERT INTO Compra (CompraId,fkCLienteId,fkFuncionarioId,data) VALUES (145,2,3,'1957-5-13');
INSERT INTO Compra (CompraId,fkCLienteId,fkFuncionarioId,data) VALUES (146,1,4,'1948-11-16');
INSERT INTO Compra (CompraId,fkCLienteId,fkFuncionarioId,data) VALUES (147,2,4,'1992-8-16');
INSERT INTO Compra (CompraId,fkCLienteId,fkFuncionarioId,data) VALUES (148,2,4,'1958-1-4');
INSERT INTO Compra (CompraId,fkCLienteId,fkFuncionarioId,data) VALUES (149,1,2,'2003-8-16');
INSERT INTO Compra (CompraId,fkCLienteId,fkFuncionarioId,data) VALUES (150,1,2,'1906-12-5');
INSERT INTO Compra (CompraId,fkCLienteId,fkFuncionarioId,data) VALUES (151,3,2,'1960-2-7');
INSERT INTO Compra (CompraId,fkCLienteId,fkFuncionarioId,data) VALUES (152,1,5,'1977-2-19');
INSERT INTO Compra (CompraId,fkCLienteId,fkFuncionarioId,data) VALUES (153,1,2,'1967-7-6');
INSERT INTO Compra (CompraId,fkCLienteId,fkFuncionarioId,data) VALUES (154,3,2,'1987-9-19');
INSERT INTO Compra (CompraId,fkCLienteId,fkFuncionarioId,data) VALUES (155,3,5,'1954-4-29');
INSERT INTO Compra (CompraId,fkCLienteId,fkFuncionarioId,data) VALUES (156,3,5,'2014-8-12');
INSERT INTO Compra (CompraId,fkCLienteId,fkFuncionarioId,data) VALUES (157,3,4,'1987-8-16');
INSERT INTO Compra (CompraId,fkCLienteId,fkFuncionarioId,data) VALUES (158,1,5,'1900-4-18');
INSERT INTO Compra (CompraId,fkCLienteId,fkFuncionarioId,data) VALUES (159,1,4,'1976-1-8');
INSERT INTO Compra (CompraId,fkCLienteId,fkFuncionarioId,data) VALUES (160,3,3,'1962-10-12');
INSERT INTO Compra (CompraId,fkCLienteId,fkFuncionarioId,data) VALUES (161,2,4,'1988-3-23');
INSERT INTO Compra (CompraId,fkCLienteId,fkFuncionarioId,data) VALUES (162,1,1,'1990-2-16');
INSERT INTO Compra (CompraId,fkCLienteId,fkFuncionarioId,data) VALUES (163,1,3,'1997-3-1');
INSERT INTO Compra (CompraId,fkCLienteId,fkFuncionarioId,data) VALUES (164,3,4,'1948-2-7');
INSERT INTO Compra (CompraId,fkCLienteId,fkFuncionarioId,data) VALUES (165,3,3,'1983-11-7');
INSERT INTO Compra (CompraId,fkCLienteId,fkFuncionarioId,data) VALUES (166,2,4,'1921-8-28');
INSERT INTO Compra (CompraId,fkCLienteId,fkFuncionarioId,data) VALUES (167,3,2,'1911-6-22');
INSERT INTO Compra (CompraId,fkCLienteId,fkFuncionarioId,data) VALUES (168,3,2,'1990-11-23');
INSERT INTO Compra (CompraId,fkCLienteId,fkFuncionarioId,data) VALUES (169,3,5,'1977-5-17');
INSERT INTO Compra (CompraId,fkCLienteId,fkFuncionarioId,data) VALUES (170,3,3,'2006-12-1');
INSERT INTO Compra (CompraId,fkCLienteId,fkFuncionarioId,data) VALUES (171,3,5,'1974-6-23');
INSERT INTO Compra (CompraId,fkCLienteId,fkFuncionarioId,data) VALUES (172,2,4,'1919-10-22');
INSERT INTO Compra (CompraId,fkCLienteId,fkFuncionarioId,data) VALUES (173,1,2,'1990-11-5');
INSERT INTO Compra (CompraId,fkCLienteId,fkFuncionarioId,data) VALUES (174,3,5,'2014-5-26');
INSERT INTO Compra (CompraId,fkCLienteId,fkFuncionarioId,data) VALUES (175,2,3,'2017-1-26');
INSERT INTO Compra (CompraId,fkCLienteId,fkFuncionarioId,data) VALUES (176,1,3,'1932-2-18');
INSERT INTO Compra (CompraId,fkCLienteId,fkFuncionarioId,data) VALUES (177,2,3,'1905-12-15');
INSERT INTO Compra (CompraId,fkCLienteId,fkFuncionarioId,data) VALUES (178,1,1,'1948-10-17');
INSERT INTO Compra (CompraId,fkCLienteId,fkFuncionarioId,data) VALUES (179,1,2,'1970-12-8');
INSERT INTO Compra (CompraId,fkCLienteId,fkFuncionarioId,data) VALUES (180,2,2,'1973-1-21');
INSERT INTO Compra (CompraId,fkCLienteId,fkFuncionarioId,data) VALUES (181,3,5,'1967-9-16');
INSERT INTO Compra (CompraId,fkCLienteId,fkFuncionarioId,data) VALUES (182,3,1,'1975-5-16');
INSERT INTO Compra (CompraId,fkCLienteId,fkFuncionarioId,data) VALUES (183,2,2,'1904-4-26');
INSERT INTO Compra (CompraId,fkCLienteId,fkFuncionarioId,data) VALUES (184,1,5,'1912-5-7');
INSERT INTO Compra (CompraId,fkCLienteId,fkFuncionarioId,data) VALUES (185,2,5,'1948-4-2');
INSERT INTO Compra (CompraId,fkCLienteId,fkFuncionarioId,data) VALUES (186,2,4,'1998-6-22');
INSERT INTO Compra (CompraId,fkCLienteId,fkFuncionarioId,data) VALUES (187,2,1,'1948-9-29');
INSERT INTO Compra (CompraId,fkCLienteId,fkFuncionarioId,data) VALUES (188,3,4,'1904-9-19');
INSERT INTO Compra (CompraId,fkCLienteId,fkFuncionarioId,data) VALUES (189,2,2,'1962-6-11');
INSERT INTO Compra (CompraId,fkCLienteId,fkFuncionarioId,data) VALUES (190,3,2,'1956-1-27');
INSERT INTO Compra (CompraId,fkCLienteId,fkFuncionarioId,data) VALUES (191,2,2,'1991-5-15');
INSERT INTO Compra (CompraId,fkCLienteId,fkFuncionarioId,data) VALUES (192,1,2,'2009-9-18');
INSERT INTO Compra (CompraId,fkCLienteId,fkFuncionarioId,data) VALUES (193,2,5,'1963-7-9');
INSERT INTO Compra (CompraId,fkCLienteId,fkFuncionarioId,data) VALUES (194,1,4,'1939-8-28');
INSERT INTO Compra (CompraId,fkCLienteId,fkFuncionarioId,data) VALUES (195,2,5,'2009-2-26');
INSERT INTO Compra (CompraId,fkCLienteId,fkFuncionarioId,data) VALUES (196,3,3,'1966-10-22');
INSERT INTO Compra (CompraId,fkCLienteId,fkFuncionarioId,data) VALUES (197,3,5,'2013-6-10');
INSERT INTO Compra (CompraId,fkCLienteId,fkFuncionarioId,data) VALUES (198,2,4,'1992-10-16');
INSERT INTO Compra (CompraId,fkCLienteId,fkFuncionarioId,data) VALUES (199,2,3,'2005-7-16');
INSERT INTO Compra (CompraId,fkCLienteId,fkFuncionarioId,data) VALUES (200,3,1,'1935-5-31');
INSERT INTO Compra (CompraId,fkCLienteId,fkFuncionarioId,data) VALUES (201,1,2,'1973-9-17');
INSERT INTO Compra (CompraId,fkCLienteId,fkFuncionarioId,data) VALUES (202,1,1,'1911-6-20');
INSERT INTO Compra (CompraId,fkCLienteId,fkFuncionarioId,data) VALUES (203,2,1,'1960-3-29');
INSERT INTO Compra (CompraId,fkCLienteId,fkFuncionarioId,data) VALUES (204,2,5,'1940-9-22');
INSERT INTO Compra (CompraId,fkCLienteId,fkFuncionarioId,data) VALUES (205,2,3,'1982-2-9');
INSERT INTO Compra (CompraId,fkCLienteId,fkFuncionarioId,data) VALUES (206,1,5,'1950-9-3');
INSERT INTO Compra (CompraId,fkCLienteId,fkFuncionarioId,data) VALUES (207,1,4,'1962-6-20');
INSERT INTO Compra (CompraId,fkCLienteId,fkFuncionarioId,data) VALUES (208,3,5,'1984-10-7');
INSERT INTO Compra (CompraId,fkCLienteId,fkFuncionarioId,data) VALUES (209,1,2,'1965-10-3');
INSERT INTO Compra (CompraId,fkCLienteId,fkFuncionarioId,data) VALUES (210,1,1,'1938-11-15');
INSERT INTO Compra (CompraId,fkCLienteId,fkFuncionarioId,data) VALUES (211,2,1,'1982-2-21');
INSERT INTO Compra (CompraId,fkCLienteId,fkFuncionarioId,data) VALUES (212,2,3,'1912-3-9');
INSERT INTO Compra (CompraId,fkCLienteId,fkFuncionarioId,data) VALUES (213,1,1,'1922-6-9');
INSERT INTO Compra (CompraId,fkCLienteId,fkFuncionarioId,data) VALUES (214,1,1,'1977-3-29');
INSERT INTO Compra (CompraId,fkCLienteId,fkFuncionarioId,data) VALUES (215,3,2,'1998-10-2');
INSERT INTO Compra (CompraId,fkCLienteId,fkFuncionarioId,data) VALUES (216,1,2,'1993-8-11');
INSERT INTO Compra (CompraId,fkCLienteId,fkFuncionarioId,data) VALUES (217,2,1,'1922-11-20');
INSERT INTO Compra (CompraId,fkCLienteId,fkFuncionarioId,data) VALUES (218,1,3,'1924-6-20');
INSERT INTO Compra (CompraId,fkCLienteId,fkFuncionarioId,data) VALUES (219,1,3,'1935-11-5');
INSERT INTO Compra (CompraId,fkCLienteId,fkFuncionarioId,data) VALUES (220,3,4,'1995-8-14');
INSERT INTO Compra (CompraId,fkCLienteId,fkFuncionarioId,data) VALUES (221,2,1,'1926-8-16');
INSERT INTO Compra (CompraId,fkCLienteId,fkFuncionarioId,data) VALUES (222,1,4,'1911-8-25');
INSERT INTO Compra (CompraId,fkCLienteId,fkFuncionarioId,data) VALUES (223,1,1,'1995-2-15');
INSERT INTO Compra (CompraId,fkCLienteId,fkFuncionarioId,data) VALUES (224,1,4,'2008-4-18');
INSERT INTO Compra (CompraId,fkCLienteId,fkFuncionarioId,data) VALUES (225,2,1,'1999-10-10');
INSERT INTO Compra (CompraId,fkCLienteId,fkFuncionarioId,data) VALUES (226,1,2,'1970-8-12');
INSERT INTO Compra (CompraId,fkCLienteId,fkFuncionarioId,data) VALUES (227,3,2,'1967-3-14');
INSERT INTO Compra (CompraId,fkCLienteId,fkFuncionarioId,data) VALUES (228,2,3,'1902-5-6');
INSERT INTO Compra (CompraId,fkCLienteId,fkFuncionarioId,data) VALUES (229,2,4,'1975-6-24');
INSERT INTO Compra (CompraId,fkCLienteId,fkFuncionarioId,data) VALUES (230,3,5,'1911-2-4');
INSERT INTO Compra (CompraId,fkCLienteId,fkFuncionarioId,data) VALUES (231,2,4,'1948-4-18');
INSERT INTO Compra (CompraId,fkCLienteId,fkFuncionarioId,data) VALUES (232,2,2,'1946-6-5');
INSERT INTO Compra (CompraId,fkCLienteId,fkFuncionarioId,data) VALUES (233,1,1,'1970-3-31');
INSERT INTO Compra (CompraId,fkCLienteId,fkFuncionarioId,data) VALUES (234,3,1,'1968-6-14');
INSERT INTO Compra (CompraId,fkCLienteId,fkFuncionarioId,data) VALUES (235,1,3,'1994-1-15');
INSERT INTO Compra (CompraId,fkCLienteId,fkFuncionarioId,data) VALUES (236,2,1,'1974-6-5');
INSERT INTO Compra (CompraId,fkCLienteId,fkFuncionarioId,data) VALUES (237,3,5,'1932-12-3');
INSERT INTO Compra (CompraId,fkCLienteId,fkFuncionarioId,data) VALUES (238,1,5,'1914-3-6');
INSERT INTO Compra (CompraId,fkCLienteId,fkFuncionarioId,data) VALUES (239,3,2,'1930-4-22');
INSERT INTO Compra (CompraId,fkCLienteId,fkFuncionarioId,data) VALUES (240,3,3,'1962-5-16');
INSERT INTO Compra (CompraId,fkCLienteId,fkFuncionarioId,data) VALUES (241,1,2,'2007-4-8');
INSERT INTO Compra (CompraId,fkCLienteId,fkFuncionarioId,data) VALUES (242,3,2,'1943-11-9');
INSERT INTO Compra (CompraId,fkCLienteId,fkFuncionarioId,data) VALUES (243,1,5,'2002-7-10');
INSERT INTO Compra (CompraId,fkCLienteId,fkFuncionarioId,data) VALUES (244,1,5,'1979-7-7');
INSERT INTO Compra (CompraId,fkCLienteId,fkFuncionarioId,data) VALUES (245,3,2,'2006-1-28');
INSERT INTO Compra (CompraId,fkCLienteId,fkFuncionarioId,data) VALUES (246,2,4,'1933-5-12');
INSERT INTO Compra (CompraId,fkCLienteId,fkFuncionarioId,data) VALUES (247,2,1,'1903-11-10');
INSERT INTO Compra (CompraId,fkCLienteId,fkFuncionarioId,data) VALUES (248,2,5,'1959-3-17');
INSERT INTO Compra (CompraId,fkCLienteId,fkFuncionarioId,data) VALUES (249,2,5,'1952-12-25');
INSERT INTO Compra (CompraId,fkCLienteId,fkFuncionarioId,data) VALUES (250,2,5,'1900-10-21');
INSERT INTO Compra (CompraId,fkCLienteId,fkFuncionarioId,data) VALUES (251,1,3,'1962-2-3');
INSERT INTO Compra (CompraId,fkCLienteId,fkFuncionarioId,data) VALUES (252,1,1,'1939-3-21');
INSERT INTO Compra (CompraId,fkCLienteId,fkFuncionarioId,data) VALUES (253,3,2,'2010-11-13');
INSERT INTO Compra (CompraId,fkCLienteId,fkFuncionarioId,data) VALUES (254,3,3,'1988-5-12');
INSERT INTO Compra (CompraId,fkCLienteId,fkFuncionarioId,data) VALUES (255,1,3,'1915-10-26');
INSERT INTO Compra (CompraId,fkCLienteId,fkFuncionarioId,data) VALUES (256,1,3,'1934-12-27');
INSERT INTO Compra (CompraId,fkCLienteId,fkFuncionarioId,data) VALUES (257,3,3,'1942-11-28');
INSERT INTO Compra (CompraId,fkCLienteId,fkFuncionarioId,data) VALUES (258,2,5,'1976-6-22');
INSERT INTO Compra (CompraId,fkCLienteId,fkFuncionarioId,data) VALUES (259,3,3,'2001-3-21');
INSERT INTO Compra (CompraId,fkCLienteId,fkFuncionarioId,data) VALUES (260,2,1,'1958-5-4');
INSERT INTO Compra (CompraId,fkCLienteId,fkFuncionarioId,data) VALUES (261,1,2,'1927-10-6');
INSERT INTO Compra (CompraId,fkCLienteId,fkFuncionarioId,data) VALUES (262,1,1,'1939-10-23');
INSERT INTO Compra (CompraId,fkCLienteId,fkFuncionarioId,data) VALUES (263,1,5,'1946-12-24');
INSERT INTO Compra (CompraId,fkCLienteId,fkFuncionarioId,data) VALUES (264,2,4,'1904-6-18');
INSERT INTO Compra (CompraId,fkCLienteId,fkFuncionarioId,data) VALUES (265,1,4,'1976-8-16');
INSERT INTO Compra (CompraId,fkCLienteId,fkFuncionarioId,data) VALUES (266,3,3,'1997-5-8');
INSERT INTO Compra (CompraId,fkCLienteId,fkFuncionarioId,data) VALUES (267,3,3,'1903-2-17');
INSERT INTO Compra (CompraId,fkCLienteId,fkFuncionarioId,data) VALUES (268,3,3,'1987-5-26');
INSERT INTO Compra (CompraId,fkCLienteId,fkFuncionarioId,data) VALUES (269,2,3,'2007-4-2');
INSERT INTO Compra (CompraId,fkCLienteId,fkFuncionarioId,data) VALUES (270,2,1,'2003-7-24');
INSERT INTO Compra (CompraId,fkCLienteId,fkFuncionarioId,data) VALUES (271,1,3,'2009-12-20');
INSERT INTO Compra (CompraId,fkCLienteId,fkFuncionarioId,data) VALUES (272,2,3,'1936-8-16');
INSERT INTO Compra (CompraId,fkCLienteId,fkFuncionarioId,data) VALUES (273,2,3,'2011-11-20');
INSERT INTO Compra (CompraId,fkCLienteId,fkFuncionarioId,data) VALUES (274,2,5,'1950-2-14');
INSERT INTO Compra (CompraId,fkCLienteId,fkFuncionarioId,data) VALUES (275,1,3,'1996-9-23');
INSERT INTO Compra (CompraId,fkCLienteId,fkFuncionarioId,data) VALUES (276,1,5,'1975-12-4');
INSERT INTO Compra (CompraId,fkCLienteId,fkFuncionarioId,data) VALUES (277,1,5,'1993-5-6');
INSERT INTO Compra (CompraId,fkCLienteId,fkFuncionarioId,data) VALUES (278,2,4,'1987-5-19');
INSERT INTO Compra (CompraId,fkCLienteId,fkFuncionarioId,data) VALUES (279,2,5,'1934-9-30');
INSERT INTO Compra (CompraId,fkCLienteId,fkFuncionarioId,data) VALUES (280,1,3,'1936-4-23');
INSERT INTO Compra (CompraId,fkCLienteId,fkFuncionarioId,data) VALUES (281,2,1,'1993-6-21');
INSERT INTO Compra (CompraId,fkCLienteId,fkFuncionarioId,data) VALUES (282,3,2,'1978-10-12');
INSERT INTO Compra (CompraId,fkCLienteId,fkFuncionarioId,data) VALUES (283,1,2,'1914-7-16');
INSERT INTO Compra (CompraId,fkCLienteId,fkFuncionarioId,data) VALUES (284,2,4,'1937-10-22');
INSERT INTO Compra (CompraId,fkCLienteId,fkFuncionarioId,data) VALUES (285,3,1,'1918-9-20');
INSERT INTO Compra (CompraId,fkCLienteId,fkFuncionarioId,data) VALUES (286,3,3,'1993-7-4');
INSERT INTO Compra (CompraId,fkCLienteId,fkFuncionarioId,data) VALUES (287,3,4,'1945-11-11');
INSERT INTO Compra (CompraId,fkCLienteId,fkFuncionarioId,data) VALUES (288,2,3,'1972-11-19');
INSERT INTO Compra (CompraId,fkCLienteId,fkFuncionarioId,data) VALUES (289,2,5,'2004-10-5');
INSERT INTO Compra (CompraId,fkCLienteId,fkFuncionarioId,data) VALUES (290,1,4,'1982-1-6');
INSERT INTO Compra (CompraId,fkCLienteId,fkFuncionarioId,data) VALUES (291,3,2,'1915-2-15');
INSERT INTO Compra (CompraId,fkCLienteId,fkFuncionarioId,data) VALUES (292,2,1,'2001-1-13');
INSERT INTO Compra (CompraId,fkCLienteId,fkFuncionarioId,data) VALUES (293,1,2,'1982-1-25');
INSERT INTO Compra (CompraId,fkCLienteId,fkFuncionarioId,data) VALUES (294,1,1,'1913-1-22');
INSERT INTO Compra (CompraId,fkCLienteId,fkFuncionarioId,data) VALUES (295,2,3,'1906-5-31');
INSERT INTO Compra (CompraId,fkCLienteId,fkFuncionarioId,data) VALUES (296,1,2,'1944-9-17');
INSERT INTO Compra (CompraId,fkCLienteId,fkFuncionarioId,data) VALUES (297,2,2,'1904-5-13');
INSERT INTO Compra (CompraId,fkCLienteId,fkFuncionarioId,data) VALUES (298,2,1,'2012-5-13');
INSERT INTO Compra (CompraId,fkCLienteId,fkFuncionarioId,data) VALUES (299,2,4,'1928-1-21');
INSERT INTO Compra (CompraId,fkCLienteId,fkFuncionarioId,data) VALUES (300,3,5,'1922-11-2');
INSERT INTO Compra (CompraId,fkCLienteId,fkFuncionarioId,data) VALUES (301,3,4,'2005-7-1');
INSERT INTO Compra (CompraId,fkCLienteId,fkFuncionarioId,data) VALUES (302,3,4,'1968-4-27');
INSERT INTO Compra (CompraId,fkCLienteId,fkFuncionarioId,data) VALUES (303,3,5,'1950-12-31');
INSERT INTO Compra (CompraId,fkCLienteId,fkFuncionarioId,data) VALUES (304,2,1,'1972-6-18');
INSERT INTO Compra (CompraId,fkCLienteId,fkFuncionarioId,data) VALUES (305,1,4,'1909-4-23');
INSERT INTO Compra (CompraId,fkCLienteId,fkFuncionarioId,data) VALUES (306,1,4,'1990-3-31');
INSERT INTO Compra (CompraId,fkCLienteId,fkFuncionarioId,data) VALUES (307,3,1,'1933-3-3');
INSERT INTO Compra (CompraId,fkCLienteId,fkFuncionarioId,data) VALUES (308,1,2,'1944-1-9');
INSERT INTO Compra (CompraId,fkCLienteId,fkFuncionarioId,data) VALUES (309,3,2,'1931-7-26');
INSERT INTO Compra (CompraId,fkCLienteId,fkFuncionarioId,data) VALUES (310,3,3,'1959-6-14');
INSERT INTO Compra (CompraId,fkCLienteId,fkFuncionarioId,data) VALUES (311,3,5,'1918-1-13');
INSERT INTO Compra (CompraId,fkCLienteId,fkFuncionarioId,data) VALUES (312,3,4,'1986-10-27');
INSERT INTO Compra (CompraId,fkCLienteId,fkFuncionarioId,data) VALUES (313,2,5,'2014-7-12');
INSERT INTO Compra (CompraId,fkCLienteId,fkFuncionarioId,data) VALUES (314,2,3,'1930-9-5');
INSERT INTO Compra (CompraId,fkCLienteId,fkFuncionarioId,data) VALUES (315,1,3,'1979-8-19');
INSERT INTO Compra (CompraId,fkCLienteId,fkFuncionarioId,data) VALUES (316,2,5,'2005-3-29');
INSERT INTO Compra (CompraId,fkCLienteId,fkFuncionarioId,data) VALUES (317,2,5,'1946-2-28');
INSERT INTO Compra (CompraId,fkCLienteId,fkFuncionarioId,data) VALUES (318,1,2,'2004-7-30');
INSERT INTO Compra (CompraId,fkCLienteId,fkFuncionarioId,data) VALUES (319,2,3,'1941-10-1');
INSERT INTO Compra (CompraId,fkCLienteId,fkFuncionarioId,data) VALUES (320,1,3,'1923-4-14');
INSERT INTO Compra (CompraId,fkCLienteId,fkFuncionarioId,data) VALUES (321,2,3,'1972-5-16');
INSERT INTO Compra (CompraId,fkCLienteId,fkFuncionarioId,data) VALUES (322,1,5,'1947-1-5');
INSERT INTO Compra (CompraId,fkCLienteId,fkFuncionarioId,data) VALUES (323,1,1,'1957-12-9');
INSERT INTO Compra (CompraId,fkCLienteId,fkFuncionarioId,data) VALUES (324,2,4,'2012-11-14');
INSERT INTO Compra (CompraId,fkCLienteId,fkFuncionarioId,data) VALUES (325,2,3,'1986-8-3');
INSERT INTO Compra (CompraId,fkCLienteId,fkFuncionarioId,data) VALUES (326,3,5,'1940-10-20');
INSERT INTO Compra (CompraId,fkCLienteId,fkFuncionarioId,data) VALUES (327,3,2,'1907-7-13');
INSERT INTO Compra (CompraId,fkCLienteId,fkFuncionarioId,data) VALUES (328,1,3,'1971-9-7');
INSERT INTO Compra (CompraId,fkCLienteId,fkFuncionarioId,data) VALUES (329,1,2,'2014-8-5');
INSERT INTO Compra (CompraId,fkCLienteId,fkFuncionarioId,data) VALUES (330,3,2,'1937-1-23');
INSERT INTO Compra (CompraId,fkCLienteId,fkFuncionarioId,data) VALUES (331,3,3,'2004-12-17');
INSERT INTO Compra (CompraId,fkCLienteId,fkFuncionarioId,data) VALUES (332,3,3,'1959-1-4');
INSERT INTO Compra (CompraId,fkCLienteId,fkFuncionarioId,data) VALUES (333,2,4,'1929-6-5');
INSERT INTO Compra (CompraId,fkCLienteId,fkFuncionarioId,data) VALUES (334,1,4,'1929-7-8');
INSERT INTO Compra (CompraId,fkCLienteId,fkFuncionarioId,data) VALUES (335,1,2,'1977-2-12');
INSERT INTO Compra (CompraId,fkCLienteId,fkFuncionarioId,data) VALUES (336,2,1,'1955-4-4');
INSERT INTO Compra (CompraId,fkCLienteId,fkFuncionarioId,data) VALUES (337,3,1,'1971-11-22');
INSERT INTO Compra (CompraId,fkCLienteId,fkFuncionarioId,data) VALUES (338,1,1,'1931-10-20');
INSERT INTO Compra (CompraId,fkCLienteId,fkFuncionarioId,data) VALUES (339,3,3,'1973-4-23');
INSERT INTO Compra (CompraId,fkCLienteId,fkFuncionarioId,data) VALUES (340,1,4,'1955-10-30');
INSERT INTO Compra (CompraId,fkCLienteId,fkFuncionarioId,data) VALUES (341,2,4,'1973-6-1');
INSERT INTO Compra (CompraId,fkCLienteId,fkFuncionarioId,data) VALUES (342,2,5,'1981-11-23');
INSERT INTO Compra (CompraId,fkCLienteId,fkFuncionarioId,data) VALUES (343,3,1,'2001-7-29');
INSERT INTO Compra (CompraId,fkCLienteId,fkFuncionarioId,data) VALUES (344,2,3,'1920-4-27');
INSERT INTO Compra (CompraId,fkCLienteId,fkFuncionarioId,data) VALUES (345,1,4,'1922-6-12');
INSERT INTO Compra (CompraId,fkCLienteId,fkFuncionarioId,data) VALUES (346,1,3,'1994-12-24');
INSERT INTO Compra (CompraId,fkCLienteId,fkFuncionarioId,data) VALUES (347,2,3,'1905-2-8');
INSERT INTO Compra (CompraId,fkCLienteId,fkFuncionarioId,data) VALUES (348,2,1,'1992-7-26');
INSERT INTO Compra (CompraId,fkCLienteId,fkFuncionarioId,data) VALUES (349,1,3,'1979-11-10');
INSERT INTO Compra (CompraId,fkCLienteId,fkFuncionarioId,data) VALUES (350,3,2,'1968-8-29');
INSERT INTO Compra (CompraId,fkCLienteId,fkFuncionarioId,data) VALUES (351,1,5,'1962-1-16');
INSERT INTO Compra (CompraId,fkCLienteId,fkFuncionarioId,data) VALUES (352,1,4,'1981-8-3');
INSERT INTO Compra (CompraId,fkCLienteId,fkFuncionarioId,data) VALUES (353,1,3,'2015-2-20');
INSERT INTO Compra (CompraId,fkCLienteId,fkFuncionarioId,data) VALUES (354,3,4,'1922-1-22');
INSERT INTO Compra (CompraId,fkCLienteId,fkFuncionarioId,data) VALUES (355,2,3,'1981-9-30');
INSERT INTO Compra (CompraId,fkCLienteId,fkFuncionarioId,data) VALUES (356,2,4,'1939-6-26');
INSERT INTO Compra (CompraId,fkCLienteId,fkFuncionarioId,data) VALUES (357,2,5,'1985-11-20');
INSERT INTO Compra (CompraId,fkCLienteId,fkFuncionarioId,data) VALUES (358,3,5,'2015-9-17');
INSERT INTO Compra (CompraId,fkCLienteId,fkFuncionarioId,data) VALUES (359,1,5,'1992-4-26');
INSERT INTO Compra (CompraId,fkCLienteId,fkFuncionarioId,data) VALUES (360,3,5,'1942-7-5');
INSERT INTO Compra (CompraId,fkCLienteId,fkFuncionarioId,data) VALUES (361,2,3,'1963-5-30');
INSERT INTO Compra (CompraId,fkCLienteId,fkFuncionarioId,data) VALUES (362,3,1,'1902-12-8');
INSERT INTO Compra (CompraId,fkCLienteId,fkFuncionarioId,data) VALUES (363,1,2,'1987-9-5');
INSERT INTO Compra (CompraId,fkCLienteId,fkFuncionarioId,data) VALUES (364,3,4,'1922-8-21');
INSERT INTO Compra (CompraId,fkCLienteId,fkFuncionarioId,data) VALUES (365,3,3,'1962-12-21');
INSERT INTO Compra (CompraId,fkCLienteId,fkFuncionarioId,data) VALUES (366,2,2,'1932-5-20');
INSERT INTO Compra (CompraId,fkCLienteId,fkFuncionarioId,data) VALUES (367,3,2,'1939-9-7');
INSERT INTO Compra (CompraId,fkCLienteId,fkFuncionarioId,data) VALUES (368,2,2,'1928-12-15');
INSERT INTO Compra (CompraId,fkCLienteId,fkFuncionarioId,data) VALUES (369,2,5,'1901-4-15');
INSERT INTO Compra (CompraId,fkCLienteId,fkFuncionarioId,data) VALUES (370,3,3,'1912-8-2');
INSERT INTO Compra (CompraId,fkCLienteId,fkFuncionarioId,data) VALUES (371,3,1,'1913-11-17');
INSERT INTO Compra (CompraId,fkCLienteId,fkFuncionarioId,data) VALUES (372,2,4,'2011-5-9');
INSERT INTO Compra (CompraId,fkCLienteId,fkFuncionarioId,data) VALUES (373,2,4,'1970-12-10');
INSERT INTO Compra (CompraId,fkCLienteId,fkFuncionarioId,data) VALUES (374,2,2,'2007-2-14');
INSERT INTO Compra (CompraId,fkCLienteId,fkFuncionarioId,data) VALUES (375,3,5,'1950-10-2');
INSERT INTO Compra (CompraId,fkCLienteId,fkFuncionarioId,data) VALUES (376,3,1,'1960-2-27');
INSERT INTO Compra (CompraId,fkCLienteId,fkFuncionarioId,data) VALUES (377,3,2,'1918-6-20');
INSERT INTO Compra (CompraId,fkCLienteId,fkFuncionarioId,data) VALUES (378,2,3,'1939-11-7');
INSERT INTO Compra (CompraId,fkCLienteId,fkFuncionarioId,data) VALUES (379,3,2,'1907-2-13');
INSERT INTO Compra (CompraId,fkCLienteId,fkFuncionarioId,data) VALUES (380,2,5,'2011-12-10');
INSERT INTO Compra (CompraId,fkCLienteId,fkFuncionarioId,data) VALUES (381,2,5,'1945-2-1');
INSERT INTO Compra (CompraId,fkCLienteId,fkFuncionarioId,data) VALUES (382,2,3,'1916-2-6');
INSERT INTO Compra (CompraId,fkCLienteId,fkFuncionarioId,data) VALUES (383,2,4,'1956-5-4');
INSERT INTO Compra (CompraId,fkCLienteId,fkFuncionarioId,data) VALUES (384,3,1,'1999-6-30');
INSERT INTO Compra (CompraId,fkCLienteId,fkFuncionarioId,data) VALUES (385,2,3,'1901-9-26');
INSERT INTO Compra (CompraId,fkCLienteId,fkFuncionarioId,data) VALUES (386,1,2,'1965-3-26');
INSERT INTO Compra (CompraId,fkCLienteId,fkFuncionarioId,data) VALUES (387,2,3,'1999-10-30');
INSERT INTO Compra (CompraId,fkCLienteId,fkFuncionarioId,data) VALUES (388,1,4,'1960-6-30');
INSERT INTO Compra (CompraId,fkCLienteId,fkFuncionarioId,data) VALUES (389,1,4,'2009-9-15');
INSERT INTO Compra (CompraId,fkCLienteId,fkFuncionarioId,data) VALUES (390,3,1,'1900-8-9');
INSERT INTO Compra (CompraId,fkCLienteId,fkFuncionarioId,data) VALUES (391,3,5,'1925-3-29');
INSERT INTO Compra (CompraId,fkCLienteId,fkFuncionarioId,data) VALUES (392,1,5,'1924-3-20');
INSERT INTO Compra (CompraId,fkCLienteId,fkFuncionarioId,data) VALUES (393,3,2,'1910-1-20');
INSERT INTO Compra (CompraId,fkCLienteId,fkFuncionarioId,data) VALUES (394,3,2,'1928-9-10');
INSERT INTO Compra (CompraId,fkCLienteId,fkFuncionarioId,data) VALUES (395,3,1,'2014-2-9');
INSERT INTO Compra (CompraId,fkCLienteId,fkFuncionarioId,data) VALUES (396,2,1,'1920-8-4');
INSERT INTO Compra (CompraId,fkCLienteId,fkFuncionarioId,data) VALUES (397,1,2,'1933-3-9');
INSERT INTO Compra (CompraId,fkCLienteId,fkFuncionarioId,data) VALUES (398,3,2,'2000-8-22');
INSERT INTO Compra (CompraId,fkCLienteId,fkFuncionarioId,data) VALUES (399,2,5,'1945-10-1');
INSERT INTO Compra (CompraId,fkCLienteId,fkFuncionarioId,data) VALUES (400,2,2,'2014-6-26');
INSERT INTO Compra (CompraId,fkCLienteId,fkFuncionarioId,data) VALUES (401,3,5,'2005-8-16');
INSERT INTO Compra (CompraId,fkCLienteId,fkFuncionarioId,data) VALUES (402,2,2,'1981-4-28');
INSERT INTO Compra (CompraId,fkCLienteId,fkFuncionarioId,data) VALUES (403,3,2,'1916-11-28');
INSERT INTO Compra (CompraId,fkCLienteId,fkFuncionarioId,data) VALUES (404,2,1,'1902-12-18');
INSERT INTO Compra (CompraId,fkCLienteId,fkFuncionarioId,data) VALUES (405,2,4,'1968-12-25');
INSERT INTO Compra (CompraId,fkCLienteId,fkFuncionarioId,data) VALUES (406,2,1,'1903-5-1');
INSERT INTO Compra (CompraId,fkCLienteId,fkFuncionarioId,data) VALUES (407,2,4,'1972-5-13');
INSERT INTO Compra (CompraId,fkCLienteId,fkFuncionarioId,data) VALUES (408,3,5,'1925-7-22');
INSERT INTO Compra (CompraId,fkCLienteId,fkFuncionarioId,data) VALUES (409,3,2,'1943-8-16');
INSERT INTO Compra (CompraId,fkCLienteId,fkFuncionarioId,data) VALUES (410,2,4,'1911-1-20');
INSERT INTO Compra (CompraId,fkCLienteId,fkFuncionarioId,data) VALUES (411,3,1,'1991-1-27');
INSERT INTO Compra (CompraId,fkCLienteId,fkFuncionarioId,data) VALUES (412,2,4,'1990-5-8');
INSERT INTO Compra (CompraId,fkCLienteId,fkFuncionarioId,data) VALUES (413,1,3,'1950-8-21');
INSERT INTO Compra (CompraId,fkCLienteId,fkFuncionarioId,data) VALUES (414,1,3,'1955-2-21');
INSERT INTO Compra (CompraId,fkCLienteId,fkFuncionarioId,data) VALUES (415,3,1,'2015-11-7');
INSERT INTO Compra (CompraId,fkCLienteId,fkFuncionarioId,data) VALUES (416,2,4,'1944-9-26');
INSERT INTO Compra (CompraId,fkCLienteId,fkFuncionarioId,data) VALUES (417,3,5,'2011-11-13');
INSERT INTO Compra (CompraId,fkCLienteId,fkFuncionarioId,data) VALUES (418,2,1,'1914-1-26');
INSERT INTO Compra (CompraId,fkCLienteId,fkFuncionarioId,data) VALUES (419,2,5,'1920-7-2');
INSERT INTO Compra (CompraId,fkCLienteId,fkFuncionarioId,data) VALUES (420,3,4,'1908-4-26');
INSERT INTO Compra (CompraId,fkCLienteId,fkFuncionarioId,data) VALUES (421,2,5,'1971-3-8');
INSERT INTO Compra (CompraId,fkCLienteId,fkFuncionarioId,data) VALUES (422,1,5,'1932-6-22');
INSERT INTO Compra (CompraId,fkCLienteId,fkFuncionarioId,data) VALUES (423,1,1,'1957-12-31');
INSERT INTO Compra (CompraId,fkCLienteId,fkFuncionarioId,data) VALUES (424,3,1,'1922-7-10');
INSERT INTO Compra (CompraId,fkCLienteId,fkFuncionarioId,data) VALUES (425,1,4,'1994-7-2');
INSERT INTO Compra (CompraId,fkCLienteId,fkFuncionarioId,data) VALUES (426,1,5,'1921-8-16');
INSERT INTO Compra (CompraId,fkCLienteId,fkFuncionarioId,data) VALUES (427,1,4,'1938-6-17');
INSERT INTO Compra (CompraId,fkCLienteId,fkFuncionarioId,data) VALUES (428,3,4,'1995-1-26');
INSERT INTO Compra (CompraId,fkCLienteId,fkFuncionarioId,data) VALUES (429,1,4,'2003-7-15');
INSERT INTO Compra (CompraId,fkCLienteId,fkFuncionarioId,data) VALUES (430,3,1,'1979-2-14');
INSERT INTO Compra (CompraId,fkCLienteId,fkFuncionarioId,data) VALUES (431,2,4,'1984-10-30');
INSERT INTO Compra (CompraId,fkCLienteId,fkFuncionarioId,data) VALUES (432,3,5,'1930-7-14');
INSERT INTO Compra (CompraId,fkCLienteId,fkFuncionarioId,data) VALUES (433,1,4,'2001-8-15');
INSERT INTO Compra (CompraId,fkCLienteId,fkFuncionarioId,data) VALUES (434,1,5,'1954-7-13');
INSERT INTO Compra (CompraId,fkCLienteId,fkFuncionarioId,data) VALUES (435,1,4,'2015-8-27');
INSERT INTO Compra (CompraId,fkCLienteId,fkFuncionarioId,data) VALUES (436,2,2,'1969-2-10');
INSERT INTO Compra (CompraId,fkCLienteId,fkFuncionarioId,data) VALUES (437,1,5,'1982-3-8');
INSERT INTO Compra (CompraId,fkCLienteId,fkFuncionarioId,data) VALUES (438,2,2,'1968-5-27');
INSERT INTO Compra (CompraId,fkCLienteId,fkFuncionarioId,data) VALUES (439,1,4,'1961-4-17');
INSERT INTO Compra (CompraId,fkCLienteId,fkFuncionarioId,data) VALUES (440,1,1,'1949-1-22');
INSERT INTO Compra (CompraId,fkCLienteId,fkFuncionarioId,data) VALUES (441,1,5,'1988-12-9');
INSERT INTO Compra (CompraId,fkCLienteId,fkFuncionarioId,data) VALUES (442,3,3,'1917-9-28');
INSERT INTO Compra (CompraId,fkCLienteId,fkFuncionarioId,data) VALUES (443,1,2,'1978-10-5');
INSERT INTO Compra (CompraId,fkCLienteId,fkFuncionarioId,data) VALUES (444,1,2,'1944-10-15');
INSERT INTO Compra (CompraId,fkCLienteId,fkFuncionarioId,data) VALUES (445,3,4,'2010-4-30');
INSERT INTO Compra (CompraId,fkCLienteId,fkFuncionarioId,data) VALUES (446,3,4,'2016-12-31');
INSERT INTO Compra (CompraId,fkCLienteId,fkFuncionarioId,data) VALUES (447,3,1,'1910-3-17');
INSERT INTO Compra (CompraId,fkCLienteId,fkFuncionarioId,data) VALUES (448,3,5,'1943-4-26');
INSERT INTO Compra (CompraId,fkCLienteId,fkFuncionarioId,data) VALUES (449,2,5,'2012-3-20');
INSERT INTO Compra (CompraId,fkCLienteId,fkFuncionarioId,data) VALUES (450,2,3,'1957-10-27');
INSERT INTO Compra (CompraId,fkCLienteId,fkFuncionarioId,data) VALUES (451,3,5,'1988-8-4');
INSERT INTO Compra (CompraId,fkCLienteId,fkFuncionarioId,data) VALUES (452,2,4,'1945-1-23');
INSERT INTO Compra (CompraId,fkCLienteId,fkFuncionarioId,data) VALUES (453,3,5,'1991-7-16');
INSERT INTO Compra (CompraId,fkCLienteId,fkFuncionarioId,data) VALUES (454,2,2,'1965-1-25');
INSERT INTO Compra (CompraId,fkCLienteId,fkFuncionarioId,data) VALUES (455,1,2,'1917-1-7');
INSERT INTO Compra (CompraId,fkCLienteId,fkFuncionarioId,data) VALUES (456,1,2,'1990-7-12');
INSERT INTO Compra (CompraId,fkCLienteId,fkFuncionarioId,data) VALUES (457,2,5,'1973-8-11');
INSERT INTO Compra (CompraId,fkCLienteId,fkFuncionarioId,data) VALUES (458,3,2,'1993-8-20');
INSERT INTO Compra (CompraId,fkCLienteId,fkFuncionarioId,data) VALUES (459,3,1,'1911-7-22');
INSERT INTO Compra (CompraId,fkCLienteId,fkFuncionarioId,data) VALUES (460,3,3,'1991-11-17');
INSERT INTO Compra (CompraId,fkCLienteId,fkFuncionarioId,data) VALUES (461,1,1,'1977-8-11');
INSERT INTO Compra (CompraId,fkCLienteId,fkFuncionarioId,data) VALUES (462,3,3,'1954-11-2');
INSERT INTO Compra (CompraId,fkCLienteId,fkFuncionarioId,data) VALUES (463,3,1,'1954-1-28');
INSERT INTO Compra (CompraId,fkCLienteId,fkFuncionarioId,data) VALUES (464,1,4,'1934-9-30');
INSERT INTO Compra (CompraId,fkCLienteId,fkFuncionarioId,data) VALUES (465,2,1,'1919-7-28');
INSERT INTO Compra (CompraId,fkCLienteId,fkFuncionarioId,data) VALUES (466,3,2,'1956-7-26');
INSERT INTO Compra (CompraId,fkCLienteId,fkFuncionarioId,data) VALUES (467,2,5,'1953-6-24');
INSERT INTO Compra (CompraId,fkCLienteId,fkFuncionarioId,data) VALUES (468,1,2,'1996-3-21');
INSERT INTO Compra (CompraId,fkCLienteId,fkFuncionarioId,data) VALUES (469,1,3,'1998-10-15');
INSERT INTO Compra (CompraId,fkCLienteId,fkFuncionarioId,data) VALUES (470,3,3,'1940-8-28');
INSERT INTO Compra (CompraId,fkCLienteId,fkFuncionarioId,data) VALUES (471,2,1,'1902-5-15');
INSERT INTO Compra (CompraId,fkCLienteId,fkFuncionarioId,data) VALUES (472,1,5,'1922-10-24');
INSERT INTO Compra (CompraId,fkCLienteId,fkFuncionarioId,data) VALUES (473,3,4,'1971-4-15');
INSERT INTO Compra (CompraId,fkCLienteId,fkFuncionarioId,data) VALUES (474,1,1,'1957-6-8');
INSERT INTO Compra (CompraId,fkCLienteId,fkFuncionarioId,data) VALUES (475,3,1,'2005-3-13');
INSERT INTO Compra (CompraId,fkCLienteId,fkFuncionarioId,data) VALUES (476,1,3,'1927-2-18');
INSERT INTO Compra (CompraId,fkCLienteId,fkFuncionarioId,data) VALUES (477,1,1,'1905-1-7');
INSERT INTO Compra (CompraId,fkCLienteId,fkFuncionarioId,data) VALUES (478,2,3,'1999-4-14');
INSERT INTO Compra (CompraId,fkCLienteId,fkFuncionarioId,data) VALUES (479,2,1,'1971-8-13');
INSERT INTO Compra (CompraId,fkCLienteId,fkFuncionarioId,data) VALUES (480,1,1,'1907-6-4');
INSERT INTO Compra (CompraId,fkCLienteId,fkFuncionarioId,data) VALUES (481,1,2,'2009-1-10');
INSERT INTO Compra (CompraId,fkCLienteId,fkFuncionarioId,data) VALUES (482,1,3,'1999-11-3');
INSERT INTO Compra (CompraId,fkCLienteId,fkFuncionarioId,data) VALUES (483,3,5,'1925-5-28');
INSERT INTO Compra (CompraId,fkCLienteId,fkFuncionarioId,data) VALUES (484,3,4,'1969-11-28');
INSERT INTO Compra (CompraId,fkCLienteId,fkFuncionarioId,data) VALUES (485,3,5,'1977-8-15');
INSERT INTO Compra (CompraId,fkCLienteId,fkFuncionarioId,data) VALUES (486,1,5,'1909-5-23');
INSERT INTO Compra (CompraId,fkCLienteId,fkFuncionarioId,data) VALUES (487,2,1,'1927-10-15');
INSERT INTO Compra (CompraId,fkCLienteId,fkFuncionarioId,data) VALUES (488,3,2,'1945-6-17');
INSERT INTO Compra (CompraId,fkCLienteId,fkFuncionarioId,data) VALUES (489,3,2,'2012-11-30');
INSERT INTO Compra (CompraId,fkCLienteId,fkFuncionarioId,data) VALUES (490,3,2,'1973-4-9');
INSERT INTO Compra (CompraId,fkCLienteId,fkFuncionarioId,data) VALUES (491,3,1,'1954-3-27');
INSERT INTO Compra (CompraId,fkCLienteId,fkFuncionarioId,data) VALUES (492,2,1,'1940-10-6');
INSERT INTO Compra (CompraId,fkCLienteId,fkFuncionarioId,data) VALUES (493,2,2,'1922-10-9');
INSERT INTO Compra (CompraId,fkCLienteId,fkFuncionarioId,data) VALUES (494,1,2,'1982-5-28');
INSERT INTO Compra (CompraId,fkCLienteId,fkFuncionarioId,data) VALUES (495,2,4,'2004-11-4');
INSERT INTO Compra (CompraId,fkCLienteId,fkFuncionarioId,data) VALUES (496,3,3,'1988-10-30');
INSERT INTO Compra (CompraId,fkCLienteId,fkFuncionarioId,data) VALUES (497,1,3,'1961-9-18');
INSERT INTO Compra (CompraId,fkCLienteId,fkFuncionarioId,data) VALUES (498,1,5,'1990-6-5');
INSERT INTO Compra (CompraId,fkCLienteId,fkFuncionarioId,data) VALUES (499,3,2,'1936-5-8');
INSERT INTO Compra (CompraId,fkCLienteId,fkFuncionarioId,data) VALUES (500,1,3,'1907-12-25');
INSERT INTO Compra (CompraId,fkCLienteId,fkFuncionarioId,data) VALUES (501,3,4,'1933-9-20');
INSERT INTO Compra (CompraId,fkCLienteId,fkFuncionarioId,data) VALUES (502,2,2,'1971-3-4');
INSERT INTO Compra (CompraId,fkCLienteId,fkFuncionarioId,data) VALUES (503,1,2,'1950-2-19');
INSERT INTO Compra (CompraId,fkCLienteId,fkFuncionarioId,data) VALUES (504,1,2,'1933-4-2');
INSERT INTO Compra (CompraId,fkCLienteId,fkFuncionarioId,data) VALUES (505,2,3,'1962-5-8');
INSERT INTO Compra (CompraId,fkCLienteId,fkFuncionarioId,data) VALUES (506,1,1,'2016-12-3');
INSERT INTO Compra (CompraId,fkCLienteId,fkFuncionarioId,data) VALUES (507,1,4,'1903-4-27');
INSERT INTO Compra (CompraId,fkCLienteId,fkFuncionarioId,data) VALUES (508,3,2,'1923-7-30');
INSERT INTO Compra (CompraId,fkCLienteId,fkFuncionarioId,data) VALUES (509,1,1,'1931-10-23');
INSERT INTO Compra (CompraId,fkCLienteId,fkFuncionarioId,data) VALUES (510,2,4,'2013-4-24');
INSERT INTO Compra (CompraId,fkCLienteId,fkFuncionarioId,data) VALUES (511,3,3,'1937-2-19');
INSERT INTO Compra (CompraId,fkCLienteId,fkFuncionarioId,data) VALUES (512,2,1,'1945-12-30');
INSERT INTO Compra (CompraId,fkCLienteId,fkFuncionarioId,data) VALUES (513,1,1,'1933-8-17');
INSERT INTO Compra (CompraId,fkCLienteId,fkFuncionarioId,data) VALUES (514,3,2,'1970-3-11');
INSERT INTO Compra (CompraId,fkCLienteId,fkFuncionarioId,data) VALUES (515,2,5,'1992-3-8');
INSERT INTO Compra (CompraId,fkCLienteId,fkFuncionarioId,data) VALUES (516,2,4,'1980-1-12');
INSERT INTO Compra (CompraId,fkCLienteId,fkFuncionarioId,data) VALUES (517,2,2,'1932-8-31');
INSERT INTO Compra (CompraId,fkCLienteId,fkFuncionarioId,data) VALUES (518,2,5,'1933-12-22');
INSERT INTO Compra (CompraId,fkCLienteId,fkFuncionarioId,data) VALUES (519,1,2,'1917-2-14');
INSERT INTO Compra (CompraId,fkCLienteId,fkFuncionarioId,data) VALUES (520,3,5,'1961-6-19');
INSERT INTO Compra (CompraId,fkCLienteId,fkFuncionarioId,data) VALUES (521,3,5,'1959-10-12');
INSERT INTO Compra (CompraId,fkCLienteId,fkFuncionarioId,data) VALUES (522,2,2,'1943-7-2');
INSERT INTO Compra (CompraId,fkCLienteId,fkFuncionarioId,data) VALUES (523,1,5,'1971-6-2');
INSERT INTO Compra (CompraId,fkCLienteId,fkFuncionarioId,data) VALUES (524,1,4,'1920-10-27');
INSERT INTO Compra (CompraId,fkCLienteId,fkFuncionarioId,data) VALUES (525,3,1,'1985-5-16');
INSERT INTO Compra (CompraId,fkCLienteId,fkFuncionarioId,data) VALUES (526,1,3,'1963-12-14');
INSERT INTO Compra (CompraId,fkCLienteId,fkFuncionarioId,data) VALUES (527,1,3,'1940-5-27');
INSERT INTO Compra (CompraId,fkCLienteId,fkFuncionarioId,data) VALUES (528,1,3,'2009-3-22');
INSERT INTO Compra (CompraId,fkCLienteId,fkFuncionarioId,data) VALUES (529,3,2,'1910-1-11');
INSERT INTO Compra (CompraId,fkCLienteId,fkFuncionarioId,data) VALUES (530,3,1,'1952-5-18');
INSERT INTO Compra (CompraId,fkCLienteId,fkFuncionarioId,data) VALUES (531,2,5,'1938-5-9');
INSERT INTO Compra (CompraId,fkCLienteId,fkFuncionarioId,data) VALUES (532,1,5,'2017-1-15');
INSERT INTO Compra (CompraId,fkCLienteId,fkFuncionarioId,data) VALUES (533,2,1,'1919-4-9');
INSERT INTO Compra (CompraId,fkCLienteId,fkFuncionarioId,data) VALUES (534,3,4,'1914-3-7');
INSERT INTO Compra (CompraId,fkCLienteId,fkFuncionarioId,data) VALUES (535,2,1,'2015-8-23');
INSERT INTO Compra (CompraId,fkCLienteId,fkFuncionarioId,data) VALUES (536,2,5,'1900-12-2');
INSERT INTO Compra (CompraId,fkCLienteId,fkFuncionarioId,data) VALUES (537,3,4,'1941-12-23');
INSERT INTO Compra (CompraId,fkCLienteId,fkFuncionarioId,data) VALUES (538,2,4,'1963-9-27');
INSERT INTO Compra (CompraId,fkCLienteId,fkFuncionarioId,data) VALUES (539,1,4,'1920-4-8');
INSERT INTO Compra (CompraId,fkCLienteId,fkFuncionarioId,data) VALUES (540,2,5,'1931-5-10');
INSERT INTO Compra (CompraId,fkCLienteId,fkFuncionarioId,data) VALUES (541,2,1,'1905-8-4');
INSERT INTO Compra (CompraId,fkCLienteId,fkFuncionarioId,data) VALUES (542,1,5,'2005-11-24');
INSERT INTO Compra (CompraId,fkCLienteId,fkFuncionarioId,data) VALUES (543,3,3,'1974-11-4');
INSERT INTO Compra (CompraId,fkCLienteId,fkFuncionarioId,data) VALUES (544,2,3,'1978-8-12');
INSERT INTO Compra (CompraId,fkCLienteId,fkFuncionarioId,data) VALUES (545,3,5,'1946-9-15');
INSERT INTO Compra (CompraId,fkCLienteId,fkFuncionarioId,data) VALUES (546,2,4,'1974-9-14');
INSERT INTO Compra (CompraId,fkCLienteId,fkFuncionarioId,data) VALUES (547,3,2,'2012-2-15');
INSERT INTO Compra (CompraId,fkCLienteId,fkFuncionarioId,data) VALUES (548,3,3,'1966-3-15');
INSERT INTO Compra (CompraId,fkCLienteId,fkFuncionarioId,data) VALUES (549,1,2,'1930-8-24');
INSERT INTO Compra (CompraId,fkCLienteId,fkFuncionarioId,data) VALUES (550,3,1,'1961-12-23');
INSERT INTO Compra (CompraId,fkCLienteId,fkFuncionarioId,data) VALUES (551,1,3,'2002-11-20');
INSERT INTO Compra (CompraId,fkCLienteId,fkFuncionarioId,data) VALUES (552,2,3,'2001-3-30');
INSERT INTO Compra (CompraId,fkCLienteId,fkFuncionarioId,data) VALUES (553,3,4,'1935-4-22');
INSERT INTO Compra (CompraId,fkCLienteId,fkFuncionarioId,data) VALUES (554,2,5,'1904-11-30');
INSERT INTO Compra (CompraId,fkCLienteId,fkFuncionarioId,data) VALUES (555,3,3,'1986-8-9');
INSERT INTO Compra (CompraId,fkCLienteId,fkFuncionarioId,data) VALUES (556,1,2,'1932-11-1');
INSERT INTO Compra (CompraId,fkCLienteId,fkFuncionarioId,data) VALUES (557,3,3,'1902-4-11');
INSERT INTO Compra (CompraId,fkCLienteId,fkFuncionarioId,data) VALUES (558,2,5,'1932-2-10');
INSERT INTO Compra (CompraId,fkCLienteId,fkFuncionarioId,data) VALUES (559,1,5,'1979-10-26');
INSERT INTO Compra (CompraId,fkCLienteId,fkFuncionarioId,data) VALUES (560,3,5,'1907-9-26');
INSERT INTO Compra (CompraId,fkCLienteId,fkFuncionarioId,data) VALUES (561,2,4,'1972-5-19');
INSERT INTO Compra (CompraId,fkCLienteId,fkFuncionarioId,data) VALUES (562,1,3,'1982-9-28');
INSERT INTO Compra (CompraId,fkCLienteId,fkFuncionarioId,data) VALUES (563,3,4,'1940-1-5');
INSERT INTO Compra (CompraId,fkCLienteId,fkFuncionarioId,data) VALUES (564,3,2,'1994-9-16');
INSERT INTO Compra (CompraId,fkCLienteId,fkFuncionarioId,data) VALUES (565,2,2,'1981-5-5');
INSERT INTO Compra (CompraId,fkCLienteId,fkFuncionarioId,data) VALUES (566,2,4,'1982-2-25');
INSERT INTO Compra (CompraId,fkCLienteId,fkFuncionarioId,data) VALUES (567,2,4,'1957-11-2');
INSERT INTO Compra (CompraId,fkCLienteId,fkFuncionarioId,data) VALUES (568,3,5,'1984-3-11');
INSERT INTO Compra (CompraId,fkCLienteId,fkFuncionarioId,data) VALUES (569,3,2,'1997-11-28');
INSERT INTO Compra (CompraId,fkCLienteId,fkFuncionarioId,data) VALUES (570,1,3,'1933-8-21');
INSERT INTO Compra (CompraId,fkCLienteId,fkFuncionarioId,data) VALUES (571,1,1,'1968-8-26');
INSERT INTO Compra (CompraId,fkCLienteId,fkFuncionarioId,data) VALUES (572,3,3,'1954-10-5');
INSERT INTO Compra (CompraId,fkCLienteId,fkFuncionarioId,data) VALUES (573,2,3,'1931-1-11');
INSERT INTO Compra (CompraId,fkCLienteId,fkFuncionarioId,data) VALUES (574,3,2,'1940-11-15');
INSERT INTO Compra (CompraId,fkCLienteId,fkFuncionarioId,data) VALUES (575,1,2,'2013-1-7');
INSERT INTO Compra (CompraId,fkCLienteId,fkFuncionarioId,data) VALUES (576,1,1,'1990-10-29');
INSERT INTO Compra (CompraId,fkCLienteId,fkFuncionarioId,data) VALUES (577,2,3,'1946-11-16');
INSERT INTO Compra (CompraId,fkCLienteId,fkFuncionarioId,data) VALUES (578,3,1,'1997-4-21');
INSERT INTO Compra (CompraId,fkCLienteId,fkFuncionarioId,data) VALUES (579,2,4,'1967-1-21');
INSERT INTO Compra (CompraId,fkCLienteId,fkFuncionarioId,data) VALUES (580,1,3,'1964-5-24');
INSERT INTO Compra (CompraId,fkCLienteId,fkFuncionarioId,data) VALUES (581,3,1,'1932-9-21');
INSERT INTO Compra (CompraId,fkCLienteId,fkFuncionarioId,data) VALUES (582,1,5,'1903-2-22');
INSERT INTO Compra (CompraId,fkCLienteId,fkFuncionarioId,data) VALUES (583,3,2,'1963-5-1');
INSERT INTO Compra (CompraId,fkCLienteId,fkFuncionarioId,data) VALUES (584,3,1,'1904-1-18');
INSERT INTO Compra (CompraId,fkCLienteId,fkFuncionarioId,data) VALUES (585,2,5,'1925-9-17');
INSERT INTO Compra (CompraId,fkCLienteId,fkFuncionarioId,data) VALUES (586,3,4,'1987-9-9');
INSERT INTO Compra (CompraId,fkCLienteId,fkFuncionarioId,data) VALUES (587,3,5,'1973-10-16');
INSERT INTO Compra (CompraId,fkCLienteId,fkFuncionarioId,data) VALUES (588,1,4,'1922-1-26');
INSERT INTO Compra (CompraId,fkCLienteId,fkFuncionarioId,data) VALUES (589,1,3,'1909-4-13');
INSERT INTO Compra (CompraId,fkCLienteId,fkFuncionarioId,data) VALUES (590,1,1,'1929-8-9');
INSERT INTO Compra (CompraId,fkCLienteId,fkFuncionarioId,data) VALUES (591,1,3,'1940-4-5');
INSERT INTO Compra (CompraId,fkCLienteId,fkFuncionarioId,data) VALUES (592,1,1,'1940-4-27');
INSERT INTO Compra (CompraId,fkCLienteId,fkFuncionarioId,data) VALUES (593,3,5,'1963-6-29');
INSERT INTO Compra (CompraId,fkCLienteId,fkFuncionarioId,data) VALUES (594,2,2,'1940-12-24');
INSERT INTO Compra (CompraId,fkCLienteId,fkFuncionarioId,data) VALUES (595,2,4,'1949-1-11');
INSERT INTO Compra (CompraId,fkCLienteId,fkFuncionarioId,data) VALUES (596,1,3,'1935-7-6');
INSERT INTO Compra (CompraId,fkCLienteId,fkFuncionarioId,data) VALUES (597,2,2,'1908-4-1');
INSERT INTO Compra (CompraId,fkCLienteId,fkFuncionarioId,data) VALUES (598,3,5,'1903-6-24');
INSERT INTO Compra (CompraId,fkCLienteId,fkFuncionarioId,data) VALUES (599,3,5,'1951-8-19');
INSERT INTO Compra (CompraId,fkCLienteId,fkFuncionarioId,data) VALUES (600,2,4,'1911-11-28');